ph,tds,turbidity,temperature,quality
6.979525713468587,91.79930484474221,1.5852911248927177,27.335992743507703,1
6.672301122160493,148.45277863824126,2.8048339712882306,19.57603981566035,1
7.612232234249623,290.259182661507,1.403581257728451,28.71429585739503,1
6.931350652824779,216.50894170603607,0.2917925669332635,23.734166441890117,1
7.442403980538256,224.6090134551357,0.6858701448007788,18.7641444282968,1
7.9544743604842125,96.54867649930819,3.13647942177181,25.035926781840452,1
6.8575664696364536,168.3016257518592,1.688426644178612,25.19400535162888,1
7.473331597124428,173.8661401992765,0.6537987947654947,21.029085642755884,1
6.832998871594294,270.09391453544606,1.6825367722381441,22.99418042047595,1
7.126841423558064,182.7231583719814,1.4097858349178725,26.755224964772626,1
7.54766242575571,50.0,2.1920261554494225,35.0,1
6.913878516296013,262.3479203124266,2.080526640808004,14.927773123302412,1
7.311608610308136,192.65241885320359,0.5998002054384545,23.15964469615065,1
6.767577383836695,200.63041477557826,1.3598591219897411,19.636726607634284,1
5.422907852267647,617.069252934854,15.425941402808306,9.23154161912597,0
4.786762156575402,842.276130929193,4.1,2.0402701889823724,0
6.686803110324572,188.4076336734855,2.325959491026925,23.836816726398116,1
4.735994505100091,976.3492801520024,4.1,4.4220454834676834,0
6.829058746323771,328.3471286646877,1.7699975883720167,28.71271968849948,1
7.352774180892622,304.89339982420995,1.2837279897814649,24.396359037055237,1
6.976431261091365,276.8243837025176,1.514764923495411,18.662505550819514,1
4.629666896410939,607.9106092032237,4.1,4.258498032384705,0
7.176952481186566,50.0,1.2443931707612506,23.735340960355508,1
7.096163459454559,120.80337659583888,0.902553163957061,23.057926739805495,1
8.607528015404071,622.4397239324692,8.189321364476072,53.224492070743636,0
7.963766656188053,149.81492432389575,0.6528876479133805,27.29081287995592,1
10.699224642794034,932.9104828788364,8.361119386866683,37.32301370008853,0
6.929135315395156,245.9256976715201,1.2979974179921292,25.486810342395252,1
9.848094857913123,1025.1359864246924,11.368313720700026,35.1,0
6.9413708463029895,322.4156159090681,1.3403959912331975,21.351751591852704,1
7.408448971351736,190.13247487631116,0.9538992830285598,19.00763606860535,1
7.932583506341742,193.94675165393357,1.0347442317485562,21.874954343383017,1
9.572015450989612,666.313393870246,6.246502353134149,46.75666303055272,0
9.859245148658564,841.3011250291661,4.1,41.414054829677305,0
7.749463418065183,223.5977164567057,1.5878840106558039,21.986076605707193,1
7.331151809663743,78.48241753493483,1.6622116594212748,28.13205016899673,1
5.047970286156565,863.1438844593048,4.1,2.76560466851911,0
9.644892239329112,501.0,8.905791905009064,41.89290852523832,0
9.997977464113204,721.4312218465585,4.241000728494819,45.211459968016506,0
7.5271558632100115,205.44578153988968,1.6165396908040028,21.20532346470839,1
5.353869007980958,889.9425214993017,5.942196488151146,2.740223824194498,0
8.974339092880385,829.3265175292349,6.284784253324432,39.904331032055474,0
7.08332250008269,202.7552809364673,1.0890193105658967,19.282220060329003,1
7.742496011428329,225.72745690713907,1.308946675842141,20.53170141592727,1
7.593728959390634,122.55633931918038,1.0953205788990497,18.004716522663802,1
4.948551639904603,902.0133186342132,8.888886096511003,2.1974919716004635,0
5.578456259308463,626.7986582034748,4.1,3.8402896370733433,0
9.687873440859828,944.8150101488609,8.930559550486112,50.38010729379965,0
5.564118927150542,737.4845149210619,7.788441341817743,3.8618772183068524,0
7.421300487993913,146.27902344155635,1.5884187602108994,20.20561250756352,1
9.568062317037922,929.674555541958,5.548713624079303,48.52470102004017,0
9.72115107806767,501.0,10.111387651252455,37.5942346882687,0
6.867271116707823,208.87091062627343,1.8177336606089431,18.577889248237504,1
6.964453269304522,434.1816073978664,1.259370436342923,26.131896939656123,1
7.130771270286452,78.48713399279458,1.7168087453952015,22.904952354669685,1
6.341138734275259,688.2367416526411,7.788579278367632,2.303931496909941,0
7.14416414873793,270.8952950867837,1.291542690643228,19.305841408411027,1
7.101844753598852,192.27010639880882,1.3866316281410709,23.090534057277658,1
7.104427160332122,252.18449212881842,2.0248218328068432,25.118784728717976,1
7.215295197984012,199.7771111466479,0.9956814505274588,25.97496105147183,1
6.6695809255671845,50.0,0.850213912940803,25.90334756649527,1
9.385924325355884,670.2956740990693,5.870472021665828,35.1,0
9.689113142715755,1013.57133545888,7.93284603050957,39.31085815067489,0
5.426901139853181,735.2701910581678,8.353532978423901,2.8456663476829442,0
6.630100725514618,292.31205874045975,1.3074150002214673,25.524235568229734,1
7.324523469377154,223.87614511851518,2.302541011113127,23.473408015363884,1
4.693265646424854,1092.8402545047174,7.555432128789074,5.183437899496731,0
7.306351291860819,240.3430282707418,1.6679109265993075,26.447813443441635,1
5.550040575673996,987.6822847746583,4.911034232922741,4.264528833448067,0
9.148181777945386,831.3797482397027,8.030201025567742,40.74572669386153,0
6.749293012436078,107.7206059212173,1.305138922674474,23.346405710248668,1
6.876602558842725,185.1323398245802,1.4334218466094637,27.502387857216835,1
6.768902088828278,299.96951242373336,1.7757112527153203,19.491805541209036,1
7.5598399501733,334.1114421766563,0.8496045616431692,18.9607914720489,1
7.569853473165107,197.50372088487327,0.25562332634085916,20.77800214778539,1
6.70435716973844,144.61193806129646,0.36797967696811895,19.84822413466744,1
7.161314755251843,94.73473468579942,2.5001321134257393,24.711879883586114,1
8.2772134655922,180.9413059955506,0.6924055734587453,22.136575573360847,1
7.4427402372862685,201.04346995015618,1.6483154251802188,23.575962288700033,1
4.05474673671807,806.1896176535661,6.148146292234343,3.77970050883971,0
5.6586854635817385,705.3633787385772,4.261011566754727,6.751010099688821,0
5.242369845998985,1118.445014729755,9.517593074348468,7.499642194107358,0
9.580756749619203,606.6530940246594,9.212147499598908,48.85347994452488,0
8.477243027137945,175.2280228809551,0.7439981741325076,23.17767591073619,1
5.772917609927437,501.0,5.552881855701967,6.813296771618566,0
8.066000937960434,50.0,1.7800000039294965,19.88938489528665,1
7.16157604011014,265.86239325421644,2.6670797892246734,23.301037992918328,1
7.223687373605795,229.1312236843729,2.771728940702573,27.219850755161676,1
9.872593440946915,846.3339878037453,13.689812205721784,40.56646839098173,0
4.103931893979572,809.3757086606622,10.204894447255954,4.500163030320943,0
10.15327703386725,946.9622687020835,13.819074328185152,49.57588196721778,0
6.987799540955789,163.63618250052446,1.8714781861070335,19.260751561044415,1
7.389533168364715,208.7526777466376,0.8573866568527245,24.295068439607604,1
7.160444138723543,77.82657147282819,1.2067255881351358,20.91481374740944,1
7.123864528766557,196.1529194135382,2.3273230297912253,24.9086719555684,1
9.463853670142758,521.088097334785,14.066637688916257,41.15727042048221,0
7.598628204231779,94.3297315698146,2.4906431686912764,25.938371579583187,1
5.699791697264206,894.1737718750761,11.047569556978932,9.19849903851018,0
7.583708330434083,344.5757314910308,2.392099898681307,23.324155611268854,1
6.5,180.11771055404404,2.4356601504312883,15.265069729543805,1
6.869247858384056,122.70746213036664,0.692085630654321,16.15155817921834,1
7.418693427280552,202.84528592263948,1.4711182431449576,19.59668144361634,1
7.207846663077596,267.507160771339,1.9095149326014589,23.579029556431973,1
9.28379940636102,1130.9336631733413,4.1,35.1,0
7.111612160186711,93.06196488992555,2.066378953511965,17.00174035230398,1
7.906181696112439,218.3197113967472,0.3140208728034457,27.319177460820303,1
7.952462827776237,322.2425087510266,2.0972157144892343,18.61584130948946,1
7.065165611552785,148.35423423716838,1.710984948846782,21.731959833099115,1
9.137542923117252,721.9391701776601,4.1,44.13012505896489,0
7.044729272583509,50.0,1.512633076727757,19.889194352317578,1
6.631275733303263,190.7820613958242,1.2371499719471004,22.48316093000444,1
7.171359496234374,112.11036598577502,1.166186477549315,20.244600038087313,1
10.128439015837461,784.7628660096162,7.78271279107315,47.38332325751136,0
6.950072568921729,225.73428331012002,0.4024082141078129,16.15879025916311,1
7.869796973339016,216.82424321775963,2.64900003940562,28.41480742186772,1
4.901624842692504,1177.5717975917278,7.349623904936212,4.222509412656997,0
7.0948436683166936,194.42932373599135,1.4902187400667486,23.257069687204734,1
7.6156447149681075,190.79122448614086,1.5293271448079935,19.61088425661501,1
6.88299170462692,200.99994575258003,1.3484337617246784,25.127770141807673,1
7.446802379830679,230.03646861018024,1.1102974714999858,24.154012626556174,1
7.130821576030631,60.62226458917797,1.6461974797740322,18.90292031038378,1
7.669091607703746,235.89086116116218,1.4808309757173792,15.272124864058357,1
9.542005095462176,1192.2208582582934,6.561621767148624,43.051422819476144,0
6.742811880867751,234.98505496311685,1.2492289354647443,20.167107882973998,1
6.509677308483761,148.71349867693158,1.2783243178460255,30.54128449590383,1
9.803118596748144,688.1548404089579,9.460684433485893,44.38939468048026,0
7.056663939191512,342.7820031348076,0.34343012585255717,18.30771041473769,1
8.6,756.4769154564666,8.097279812561013,39.09541411402941,0
6.5,178.78099676238384,1.6872327722286429,24.64922758659187,1
3.233961947462916,763.6678145628391,7.84233751423942,4.717719361112328,0
10.427559286517674,984.079232250897,5.341881834842278,41.418913683743064,0
6.4,893.5149824964315,10.354666062482556,3.220074886885717,0
7.27789447788751,50.0,1.1425740504916944,23.972782753959514,1
7.116270529139253,251.6804949691641,2.88064113535754,24.301426898080503,1
5.211055268543473,862.326859761485,5.85814126352134,3.240259190579816,0
9.73223373486178,912.9728264311918,6.45672254521477,42.41043449813716,0
10.172216954041502,894.1142918800595,11.667035769403924,45.36226387693078,0
4.9938330788142045,1063.2198903700962,4.1,4.620496885480634,0
7.164105722285109,151.34187940441927,1.6365538477958215,28.356589206545827,1
8.288067666635847,241.2502470755165,2.1136999304702813,20.167452040633123,1
3.890808463447005,1019.4150612825256,11.204483104627952,3.817908558546317,0
4.421775795644405,1031.7130985644644,5.116245537646797,3.8934646826264787,0
9.650895965326436,697.1462056858718,4.1,41.00692138560768,0
5.628386071863661,625.4810947187693,12.442977212352478,4.436623358421741,0
9.517921647429025,1374.8165396019826,10.837067112491464,42.203991091119065,0
5.803944235254306,998.8004079012557,11.385637332593559,4.277071341673077,0
7.564545088869889,235.75853736078815,2.0722269886888607,19.346646705950793,1
5.278476233429876,787.1204918750584,8.187340929989388,6.07473084986965,0
7.7553351112833795,133.2652121013901,1.4101212138576737,20.600458603507988,1
6.755213189690335,50.0,1.78407686067167,23.314729397985932,1
7.403134302515849,50.0,1.3264839166449358,22.037581418303397,1
4.029807508100156,958.5810743674404,8.28421542749872,1.8191394829614054,0
9.48432942366514,501.0,9.70191687587678,38.438994875746864,0
9.476625273048649,1017.3517954053129,4.904520347814695,35.1,0
7.146276503411781,161.9363644796079,2.9379356888792487,21.40145622299283,1
7.01221024562602,286.6152843109659,2.2980474925466123,23.220603343499892,1
7.403307455869836,236.07701078211815,0.7137634643872357,20.45004534692124,1
6.86509502758012,120.45159474953013,1.585022744939682,16.7600937825,1
4.706692897064854,965.5550428743835,8.319634029303122,2.6554350061940943,0
7.303953117699369,234.58103605073245,1.913521034857228,20.283851007629337,1
6.724235242853069,232.018868442142,0.6898089468491965,24.714198618484208,1
6.282275397742376,791.0160923691134,7.187640509062811,4.991495806560116,0
7.469927796866641,143.2168806213172,1.1044576685141654,27.33802453335135,1
7.174344661362803,141.18391721894028,1.6354140024942572,22.664562452313323,1
7.338579283798791,170.4634239642043,0.8813966015162561,22.92877801856931,1
6.125446022986372,667.9237258928922,11.875146822563718,1.1780681288155899,0
7.397612074513096,236.82172999858432,2.235034329087399,19.315940617350186,1
6.7711443952057575,150.91299157097643,0.9074515379917649,20.882599011772314,1
4.7055533742850555,638.0866395820856,7.01583064796972,4.1391705826254315,0
7.003345525747181,201.16071994101233,1.5580382972204279,22.979589206850918,1
6.02726422123383,994.1267345222886,4.1,9.9,0
7.403490009291974,252.18642705413438,2.7061523023523746,21.952396707623087,1
7.6327066910691315,168.0080007912547,3.141936913327508,19.48162307254481,1
4.143625405583943,907.1713884977275,7.717268469425745,4.123842703792926,0
6.593923575120579,204.18067923979865,1.590557604692673,14.56683404709957,1
4.50995927811675,1055.6970414903344,13.111181464091713,8.49180726437124,0
9.503492458127969,861.0345269161015,7.289546470889425,35.70498636515924,0
5.735408873345033,669.4804181337023,9.731616957583853,6.7434102621227545,0
7.045874561255296,244.3246216892726,1.5397191783077735,20.771806636299594,1
7.132471310723996,239.66440168220566,1.4016125601482978,22.573715748149297,1
9.204325310100861,761.2632679911239,4.1,43.2547159661833,0
6.989500857393032,141.00960772016333,1.7371307135962564,21.51742786348066,1
7.0433405730312835,183.5497717085402,1.7016198578138424,17.808900215443604,1
6.633851703179834,143.4485945610121,1.0885005865644,20.635628271433568,1
7.161814301164371,294.1747970547471,1.7801187236403482,22.28899653694481,1
4.1438732291945115,755.8874931182021,9.098982450623232,3.9296714656647245,0
4.285135225617591,650.5556335559031,15.792311622125673,5.029632019861011,0
4.955918840214143,1041.9062802272538,7.337496523888753,1.2837499725328168,0
7.45543698351095,319.7945346543701,1.9052500539998642,25.237034512493196,1
6.8761585920313415,138.25824340857,2.319463140522362,18.64870775532887,1
6.748379291513109,168.5176115224217,1.6876352993128272,16.461927922300013,1
6.4,933.4710568909356,10.739212417786579,6.935045989818351,0
4.051318136608904,791.7438453215259,11.22678472459499,5.009058582103116,0
10.378188993813996,938.8065221935879,11.567850360318928,49.874671568945296,0
7.454167212083691,212.42599993595212,2.984695496091576,16.672347558435657,1
7.231454076126436,247.6392718111406,3.3975560093283725,24.692534768931875,1
7.087286156455797,238.47264741991162,1.1949648521205667,19.387450440280237,1
6.5,210.93973179193844,0.09015570803356576,19.75135063226109,1
4.119886066983171,631.6985082176938,8.312139443117257,5.574201274802519,0
10.113052292667033,933.5169920953215,4.1,42.248306778541085,0
4.655382713055693,501.0,9.771086624344836,5.685061979459187,0
7.6597093305142705,218.06092184894035,0.013205027312055195,22.594191614370555,1
7.381896364856454,193.60732378699603,1.6312215674622377,17.84506226334932,1
9.527698455891667,807.9728414983172,15.993843476004304,47.59783058490546,0
6.016423379317715,886.0027047622709,12.360902452624844,2.347130345384007,0
7.275882467044158,52.274156175646624,1.5753896143746329,20.61558291287994,1
7.257355386936901,127.6041733649547,0.8766949729401369,24.51241187933482,1
4.513983272063432,1200.5894168152572,11.086547460828783,5.193381405773639,0
4.297200967224396,907.1280450033219,8.46702616306516,6.658447171274224,0
7.287660131065576,217.48272339287564,2.4375286126359996,25.87172779505996,1
5.560777858163172,501.0,7.188484087711476,5.289372261050073,0
7.429033112542464,228.8518313148636,1.77913463509737,24.57755381415273,1
5.305693736474014,518.3137019263279,4.1,6.388193493623514,0
6.893337364886661,202.9426266539388,0.572607953347082,20.079321663171065,1
9.700569130632115,501.0,10.197044238951573,48.14057646890464,0
7.137640728825333,100.62027731606166,1.2297840414905115,18.940603086767588,1
9.425635206091304,947.5869852524311,10.189529105344949,44.704141051922456,0
6.77691562841764,121.41647725962564,0.8764757955134156,17.280893002501966,1
5.780268587911007,805.1344630415224,5.6045816096011025,3.225674823274291,0
7.4091341952142,373.59492704644344,2.934095780389195,28.179365849673033,1
7.594291998271945,197.23595008368292,2.931137090039961,23.34064226614047,1
6.518966558304864,211.60509967675054,1.0236541665651666,17.019397696159658,1
8.6,822.1098239104261,8.391626877285075,43.59943983927206,0
5.155038971013673,1101.616570028804,9.342158889420283,4.727807082636701,0
7.245308164215106,163.7090889926654,0.9384097162458358,20.315479060795663,1
5.3472547897465414,912.7633118773008,8.206470973113948,2.079428187882376,0
7.444987517605441,186.53926924099667,1.6029537792121817,27.228541692602853,1
7.209561217313983,223.90382242574094,1.7863986459431958,24.489516473892476,1
7.322919808350644,124.3594496045815,0.7061858698455293,19.15993822843379,1
6.935871544210621,261.6641775990377,1.3801205866225459,24.062878476680545,1
6.757389636503332,133.94770537582863,1.736436269338221,28.07368812260872,1
4.876952977695171,999.5908644285099,12.084614608544335,2.8432716724102693,0
6.716143592523518,282.8354733133556,2.773840251118818,16.593169871901413,1
9.282403333901103,801.3849442087429,8.361049746131513,42.32051282475113,0
6.907853347313146,166.56723633872875,1.7038419285966229,21.788979567996936,1
4.82754564526484,921.3460005040213,7.502477283013993,3.90091081837991,0
5.247644517413721,910.1625670367009,4.5672355512061396,3.9711664766869452,0
7.6637319213457,267.1574803614724,1.0079619933723027,20.79280602641499,1
7.170420973756643,184.3371783225135,1.040731934796051,19.602577179788014,1
9.555634259583744,501.0,6.739207906523514,35.32267353275941,0
6.6276899591527805,303.2515568738038,2.078482322131367,19.08643874703316,1
7.029247572021032,259.5348568252028,0.96630743457796,19.231739205341235,1
9.725661412371705,1038.139923511001,9.581213596034345,44.88178008806904,0
10.427493678740328,1008.33334661667,10.392696868057863,47.629651653170285,0
7.411877101742692,191.41881873512466,1.4176328884650027,24.39633674117929,1
7.2932864525054,105.09308583121165,2.0212104789311907,23.138267161898106,1
8.009442487691857,190.0090491719946,2.0299224455377844,20.55313204873094,1
7.307436911545303,50.0,0.8618678884922683,22.869623410908012,1
6.5981118503876,64.74626979148385,1.5755887445076602,19.035349325460682,1
8.6,635.1555121265094,9.288052140983812,41.42591480175787,0
8.755538871964712,882.7295796564747,8.319306249293867,46.58189413681665,0
8.672744802543628,668.3649451725793,9.364018222827742,36.09279369211345,0
7.277753720630934,203.64511049135186,1.4556271035756325,20.449676434977718,1
7.040145525754159,244.27111864595415,1.281549647563087,24.448686474474336,1
6.765669948445926,262.6686968419225,1.7646323822995182,25.102701198462757,1
7.28951518065556,219.44037776435198,0.9865625533252045,16.556660086795684,1
5.522694707036709,1066.9893456767286,4.1,2.7342343732914536,0
7.094194063475756,50.0,0.9869517733240255,21.30222426285887,1
6.814030615767958,220.2055076797299,0.9299212687875734,18.088244657789446,1
6.804158071896568,133.25415636067345,1.761473578388238,22.739850349368346,1
7.23445755321855,113.61260417748105,1.6188234375794632,20.519910136651024,1
7.127510330712759,125.6966334838033,1.8146034611630835,15.353676043288033,1
7.173546954149671,159.43930725839553,0.06679396996047493,21.491365612500463,1
9.676211457192156,702.9779961391877,6.43378428650492,39.072392190521306,0
7.573036332749236,72.4195233469334,1.0608054859015388,22.286674215520975,1
7.884245349032771,256.1195825539772,1.9306147889950063,16.18043133884276,1
6.957655671696443,356.786980379574,1.2747731072068542,22.060493046338216,1
7.638587693524354,293.4007858389157,1.3138559480631136,24.22159544260696,1
7.286158602182516,78.37705662075123,0.7468743198930183,20.88537466448276,1
7.318793869293275,128.26862181478333,1.6803206001786906,23.667492250360162,1
6.755769661813669,205.85575928013557,1.5213334897444402,17.894585510440415,1
7.230402156564965,177.05646114093847,1.5083163041624543,25.57972024626224,1
8.777679373465793,796.5263984981804,8.558485866745203,38.03872953612622,0
7.296784908626414,97.02691451326001,1.639727292881948,11.916611973709061,1
7.31484966608073,249.5791027762295,1.3108126769452777,20.996665312755077,1
5.362299461435913,897.4626326106631,9.386756987879146,2.254417500507182,0
8.223279714267301,123.39448359878305,0.9580573271529697,22.33989185054331,1
7.7365903662123525,181.55308811811096,2.134751091052679,27.4244268568413,1
3.031651342323036,706.7783600911641,6.444124996206851,4.622816297787367,0
6.782076322391587,127.95277179711506,0.24409954216097973,18.182245494836145,1
9.897843510061193,774.5284663757776,7.511131067582477,42.08220464309691,0
9.255266502329004,1169.7877237123716,4.1,37.03087355571364,0
6.808650888953987,133.74429816278123,0.8812917734014896,26.62632660637696,1
6.652078808168369,308.44583485682784,2.6812836386657555,17.209870754939352,1
7.066089867157384,145.6615477445636,2.796428031369569,23.242158551656814,1
5.772211507504359,841.2270759245207,6.682346705534561,6.75641113087329,0
6.702454705843486,179.49274573020062,3.157190054818985,20.75611413405571,1
4.291738854225551,875.922011282896,7.109993789976586,0.303863205798347,0
8.257737338806814,163.2188307335619,1.3672145545833148,22.9913851276073,1
7.301768337320485,400.9245241267539,0.9767810422292514,21.09389011046865,1
7.7919776555560105,182.92345765196495,0.8653460183919951,21.819823527956306,1
6.988408916774394,202.7910357671527,1.679748280127306,17.189313968912032,1
7.539640844297258,60.2483446923556,1.4125548832735042,20.166406547148824,1
6.935207128881356,165.70763784667733,2.1987523591802107,25.398579130826608,1
5.538743050202955,789.5104600701761,11.27308372757443,6.969311596275221,0
7.190349965155999,50.0,2.5753097409984615,14.632323684273828,1
7.646959526360985,234.53053037100779,1.3709976987171015,17.561562528387878,1
7.728521612909205,114.13375742216836,1.1641967722637048,10.930698309590408,1
10.078401974456737,861.4618707472677,12.587303020019743,39.30594820551441,0
7.503571435914706,76.57574254056803,1.1614389537937022,29.079652270622372,1
6.775078514509558,61.503895724405965,2.8080222534141015,22.976393774009548,1
6.5,193.52972017076308,1.2797164198483353,28.304690110965513,1
6.068090134243278,1140.1943038832999,11.282500506845393,2.818492568355507,0
6.897281964572215,267.75056831079314,2.665922249580569,26.180224580924822,1
6.825397450084162,70.57595089477303,1.3068729949918783,21.220841514867057,1
9.858923114498133,586.7273849230362,6.42964271049663,36.28164349230471,0
10.39986914586355,751.1200328924979,11.488942641175525,44.08840702508624,0
7.698756686213888,191.2781264029229,0.7430106334824991,28.72306285355276,1
7.435326882593831,183.06664144550584,1.9891709691963335,23.567314830864408,1
7.035674284818167,158.2294743984006,2.0075567311132554,24.380524743655073,1
4.736888402663353,501.0,12.600868537198771,6.634969961540638,0
5.343231654054039,1248.9364510860512,4.1,1.3418111721575663,0
7.292028303676561,135.5923855175593,1.669449469201577,18.60438137451814,1
10.341331457324056,1037.6123752502122,6.070538008396665,40.85891232782735,0
7.029456961517782,198.67117261392727,0.580922029036909,27.12553359249454,1
6.799351996042034,50.0,1.0584081144464006,26.776857932055968,1
6.594514242954869,143.36712474607396,1.6343226815151533,22.175602132493555,1
6.860946428552366,50.0,2.30035307114408,28.038095970795418,1
10.720894292664886,928.4242007753168,6.955074814867982,45.144069141663806,0
3.773286328865016,501.0,7.5482493548752165,5.799169106415519,0
9.637230088806922,1086.4157207809126,7.376263069801658,43.43189241500547,0
4.4346054546861176,501.0,5.464884464851173,0.23601745372668326,0
7.455356770243354,203.6863377306521,2.0731361795941714,19.82719399849465,1
6.337009968242908,824.9735220390958,8.134469395796854,4.552661451604168,0
7.820460790209009,267.25875857036397,0.6009290747492401,28.936167817690475,1
6.5,315.7844559513445,2.2015653166920477,18.39631552578339,1
7.336235686560199,50.0,1.5650549568780845,19.95496216852189,1
7.005149846494122,90.20275616927194,1.319368139072187,25.962843386496342,1
9.046890936903653,542.1235821793214,4.1,39.30736773215761,0
9.383046007277553,747.799302129664,9.980776120119648,37.57705526595252,0
5.313635603094805,822.5497876153499,7.554138849705634,4.13313672471971,0
7.3329256047918365,155.9907773650769,1.75519303414882,17.102450906568183,1
9.210435581496561,1101.541539862673,8.263892832422828,35.1,0
6.571799758550729,153.20738772657842,0.848298801857291,24.47544132057854,1
6.631098516160931,158.78252849534059,3.2489013386050463,27.180828290678576,1
7.66771823617827,50.0,1.814879049608557,21.134325153446515,1
7.076331150612544,241.0891571384877,1.411427194177058,16.753824135851996,1
7.035249213551014,197.41755111604238,0.5179936899545018,30.033892043926798,1
5.385291076550476,890.4579985141836,8.794472727394334,3.078773647174348,0
7.420995981766859,74.7481574715523,1.4269490853933395,26.121755142547165,1
9.288899657597629,857.4593145498175,9.026358260328971,40.609328308550914,0
9.423458133495172,1182.4356095325907,7.798650837394666,53.77355698872046,0
7.535396309780657,183.32254315676738,0.8152215433576658,21.302931862132297,1
6.940983277745937,201.07602916954343,2.1768696517413715,20.922024977184055,1
4.889199182448038,907.8082993505518,9.596348402559144,7.262598100499493,0
5.128548398500523,501.0,13.338985661263067,3.8096620018496417,0
9.859165771597123,711.7048389374181,4.1,48.46146873442354,0
5.488351855847594,783.0066806223705,6.547941130411164,1.5579057487406742,0
6.744466752887693,336.32816624472946,1.1573005470785298,22.653711281544524,1
7.093339068306234,217.10470351528508,1.942551419822295,24.193853094162282,1
4.790443994860517,1044.927746243035,9.423811769104283,2.5362626237338395,0
4.334343625813762,787.9438501944037,6.4936765255109075,1.2079962101642217,0
6.763074894130969,91.31407877940205,2.1334734290459396,29.875029237735834,1
7.11675109985709,313.48250761184295,1.3309986046925049,19.31042566269399,1
9.34665589223975,747.6424652751807,10.188109385389252,37.81129162825571,0
8.048862478805054,251.0928134914482,3.34651722658214,20.25944500815186,1
6.4,867.9566044278461,10.556045104725484,5.973771900601144,0
7.324363026239202,158.44829025390987,3.4459745369564887,23.29912637644046,1
7.11014674000119,142.7165250979328,2.985141915131142,17.6672462133358,1
7.314221629943063,117.6150521166524,2.6459576855949196,16.937454219640756,1
7.100414340608371,234.06749269038633,2.411813277750362,23.168675312829304,1
7.238831019739217,54.561661969027625,2.0217525068545132,24.78895218556125,1
5.326303240717992,883.075924501198,4.794687542462514,1.7075173017874978,0
7.205709227134574,88.17556172605623,2.1398540149568235,16.745888806584023,1
7.698434076999051,282.3565985278686,1.6686137300402852,22.748428400500366,1
5.26152869139134,627.5386127672638,8.568943864624694,6.441221097357866,0
6.739602569031079,215.23391119400463,2.250061154906727,20.253940546937827,1
6.5,288.10583661886096,1.1733981501580564,30.10726846416957,1
7.395749824491167,298.33718274376406,1.4642169148892357,18.897574554249587,1
8.94640836505912,917.0140404916745,5.3992242819666965,45.10628047101765,0
5.665673614699157,1143.023643635756,8.942867946436122,6.39477495742387,0
4.557799370346943,1037.4102301332764,7.358968488235353,4.1770869804670365,0
7.908900638667898,355.6156059421546,1.4720514756386454,22.736477593312678,1
6.8105815201182125,300.34706886058717,2.551367075632017,24.2942353475097,1
6.5,115.51753600266659,0.06875969733911225,22.770476590347744,1
9.657381280727583,593.980984702102,7.4692997285274725,49.84266969354663,0
4.558609718534166,945.1642296077595,4.1,8.368340812681264,0
6.592252013618395,229.40958721677686,1.2295742671869772,22.876286250150674,1
6.790882973920638,264.17027668944957,1.7257532622029332,21.667465897114024,1
9.727165716576115,968.7657548971249,9.173854871362622,47.50214221128432,0
6.275809591235091,760.0140153763166,14.422910888991062,4.433414081164576,0
9.205829971346157,795.4711739727252,6.647995467295978,36.74807946325097,0
6.671016817302572,188.6593956777969,1.9154776026052336,26.246036628703376,1
7.23412725702601,80.30729494682802,2.063453373512628,26.70883514966766,1
7.394600657530481,113.86566980231892,1.6714699652204028,20.89807073928391,1
7.159938369408019,311.45450063479245,1.7394742277552928,19.24268372767971,1
8.6,703.6271369030554,8.18958081155068,35.1,0
7.208401536653104,233.31568304811623,2.001438056378287,15.853877238471846,1
6.967327634420543,152.80861457955137,0.9023238387469361,20.085782933129128,1
6.833523233807503,164.6520858207341,0.27114608790676087,19.673676947091128,1
6.9061633692807805,154.68843270282213,1.1066489202994516,23.554588984133243,1
10.193982791986684,1292.6027377550047,7.989927139880057,43.830279577303955,0
5.135754526377027,908.7308256561214,10.540561229539701,1.0679031740641638,0
6.941952098157951,255.41782040934876,1.1518519400101348,24.89931749394333,1
7.453172727102205,184.3687719058381,2.128958193186095,30.2163697657439,1
7.139664915373322,91.5223724112029,1.2371437135523504,20.952877110629174,1
6.942580067073015,230.91061230784487,2.1757286670127884,20.67288491291151,1
7.431853269285431,180.1107316986658,2.2726040096058173,21.12235071611172,1
6.311965345462928,683.1013134411203,10.73780694208923,4.931373338500382,0
4.887747017562273,1163.815438039161,8.198824212032704,3.5330758176620716,0
7.598506727778856,164.3245028911072,2.0123286484640666,25.67107279118055,1
9.763719325929998,793.468819251938,8.546404613033529,39.69738289419343,0
7.383672031691375,129.1801051100622,0.7074956014987953,28.705819847658653,1
7.1261898569376605,217.64668301898885,2.2964437464680634,17.689024260278625,1
6.4,659.9764816369174,8.869433586699857,4.9287228781366625,0
7.513841715159209,165.1075646794012,0.673837786059741,22.218447131640282,1
7.7241234984478435,151.3595085650141,3.4769542984766417,27.676257653430085,1
7.02410757669033,233.61532343159934,0.49638898263284004,19.19217080681951,1
7.950468335686355,206.25144503757178,0.504439245345655,28.985962526378486,1
6.95725392885713,253.7834726432322,2.186804800899247,20.674002446801943,1
7.0877299692532905,239.32045177974268,1.7517765933804248,21.197715277376926,1
5.139138809580122,711.7244993410742,6.390961919130435,4.555211697840688,0
7.764183658081402,238.13208326404458,2.3333324896354375,18.115240523448033,1
6.5,203.79947746013144,1.588521453342483,15.900060239423762,1
7.4846459512355565,146.0052784967558,1.8076402336059583,21.86023399816547,1
9.56506471904902,958.1283167775343,11.12332344957369,35.1,0
7.170221633693533,50.414692837426884,0.9912806665825865,23.68214682361628,1
9.809144651655354,894.0785484018313,10.954850309017553,43.93913671004479,0
4.781494285024598,1008.755391280351,4.124577638998652,4.639794797297284,0
6.980183890161786,181.54706666882333,2.0371151538217407,25.478290074613685,1
7.539372352882114,289.9946036242593,1.4327995367862991,22.050303078401257,1
7.961654635829203,50.0,1.1178266510195505,21.910765844350276,1
7.264007290341115,112.3023740105148,1.6747266207467983,22.951500625395468,1
7.855646722177627,105.64322683937758,2.4004674958968732,22.585657167370414,1
6.559638408609394,190.0571378270051,1.939376292512132,19.224933570012997,1
9.334594740238863,812.3576540459296,8.390453185956753,45.29534014401243,0
7.350920197217941,181.80189920372737,2.7186590406178937,20.703292555837436,1
7.133151314485436,155.7528146468694,1.1843041880794836,23.004014172600588,1
9.708329530274296,1038.0722839504133,5.650073729824809,48.886832893905755,0
7.602517123685776,196.07765273295706,1.1383700608679246,16.84199972110408,1
6.51593264293735,336.253808793443,2.2604664978440865,22.950926911623945,1
9.126718323865045,798.414282509326,4.1,47.06346102275468,0
7.076786286325704,100.43659999322217,3.5056484161601738,24.75485097821908,1
6.7610789889468625,156.38510042189424,0.9809512250610926,21.564605499723353,1
7.078509588489334,178.2948017545362,1.1575906773710487,22.002239969358783,1
6.747972264383857,50.0,0.42360453402899845,14.76964140327417,1
6.699042622234753,134.5854082715893,1.5804592402313922,20.781328664977377,1
6.3931069242293646,1428.0845820204474,4.1,4.509869825913478,0
7.781413630862927,159.88782824914907,0.6528873396100896,19.8661902168964,1
7.256502856034985,181.78243081313977,1.2884114255422314,20.560355625733315,1
4.862085840152615,633.398348832112,7.252636989533843,4.299617939291997,0
7.112131244864996,296.0425326779098,2.584047506516826,21.570485526359818,1
7.2342748645613435,197.89913653841182,1.9967196355684966,17.428229814467137,1
7.446146993605222,175.7148539787268,1.5087653050308505,22.285149042197848,1
6.899283579961926,50.0,2.546521216815086,20.94969736273751,1
7.335393537384677,256.27521065111154,2.258508172176997,18.597738441986266,1
7.4782151030263115,238.04707487428658,1.5395574539258894,18.812875069323297,1
9.139860711706033,885.5675721072088,14.042341170079233,44.11059057452231,0
6.5,260.59961194699883,1.4774061741281674,21.245620683410046,1
7.0689351413608925,233.56879776192946,0.8901648789946586,27.12495461409192,1
7.709950016511489,203.01572584991382,0.9618635129730356,19.004753315905692,1
4.4536519149478515,1132.6084519192234,5.312158989233663,6.159162495969609,0
9.988248851386444,1043.3056465099073,6.540522153363544,43.39372877065032,0
6.81135438459574,122.86399428614043,1.5996645387573265,27.994185442679417,1
9.953766150396348,675.9471406664643,6.2935142373302275,41.34439768375164,0
7.197571635384043,81.27546680605319,1.0618587876207786,18.481130554461775,1
7.832216274627349,263.56803063561694,0.26230827710529714,31.075966446637814,1
7.043011557575651,378.5199128822199,1.392717612620486,28.63547877782132,1
5.401787776281579,712.4355754276695,8.256431751044891,7.564216782853024,0
7.778791153741493,131.48014100726408,0.9138159922791561,23.540850609037417,1
6.917995257696637,192.66351806838992,1.0909193163827782,20.25715667046105,1
7.6434814322331635,267.96895908129704,1.4322679277691774,17.522999031117426,1
7.880885977854096,160.1942001352629,1.8327344477992438,18.82711521117186,1
6.4,964.9403481572194,9.198640523047118,7.052838754269201,0
7.569708055815132,262.00920972712686,2.3141006787937126,17.53574329571242,1
5.607210376465751,702.3974393655828,4.1,6.696634439409211,0
7.471657110175278,123.90525036896351,0.7131146987974587,18.037383690003047,1
10.376687599362159,837.6957982178973,11.143547170669251,43.94932579032859,0
9.52772666757885,1149.4118289107028,11.383774956550482,53.96149191834879,0
9.509609426108636,797.7987356743184,7.437203536169481,52.58686408210171,0
7.68923322683813,309.4463480390881,1.9669458309098478,18.699610800217904,1
7.3041769053334225,148.7108591820284,1.4527874090113726,16.69937137920895,1
8.030160319458176,139.4588818387259,2.4422698561599803,18.78626290331497,1
7.175294320055949,202.3352403148454,2.3100711834117176,20.60999880117636,1
7.125241536735206,66.65892745686418,1.7329323350459072,18.700157253635037,1
7.347493258927008,214.09203615101538,1.5569039975297367,23.683066250074347,1
6.74775386602499,158.50666243030318,1.614334276474277,23.65501681178955,1
7.1450205941489235,80.21938838570844,0.8307590138216239,21.41986523388631,1
7.268346175251177,150.23721555564947,1.150602733970744,18.997492712092978,1
7.232749655754529,257.71834590058745,2.4590712975272595,20.34620518611282,1
9.427756079277785,1059.199534127958,13.029952408284078,53.95936694728642,0
5.631003235108357,699.6484477660559,9.469433764382039,4.170967565064699,0
6.868963911740512,163.22745821816025,1.7774568695271458,23.594851207161376,1
4.963964417235877,501.0,9.05607448636784,8.516544315750556,0
4.850340584061824,887.6047210656194,5.1030510811781,8.060344110441042,0
9.675980537104028,669.2205811536071,4.313165280584323,47.01360707588657,0
7.079558521764285,217.93731234326344,1.2507355659666615,14.697368017341567,1
3.496815244196938,757.833056269084,8.117927596230397,3.4372846087661078,0
7.428356204277267,294.6794933511942,2.1886966405243027,16.195094804395367,1
7.900908177369449,187.9805608961392,0.8719228956871202,28.357765134246794,1
7.192393516838925,152.4950873545036,0.04601610235828835,13.354784454790552,1
6.966769024572425,155.07538029354998,0.8529498664587372,21.808564289388972,1
7.297335779729077,97.6775411024171,1.9917733197536989,27.202501604223833,1
6.732888179492826,50.0,1.29902334659636,19.89443653955729,1
7.508346077554787,148.93738187772047,0.7944924607445089,25.012759798930194,1
3.8170611229517624,501.0,6.428943401969317,4.023107817322698,0
6.5,310.119716001563,1.5577092366443896,27.634477973783678,1
7.205036960312718,214.22000850144252,0.0,27.342281822147026,1
7.553243910858864,315.35560046415117,0.9346446095772646,27.53254258711261,1
5.406470171536629,636.4125419147035,11.822178929800387,6.543045061752238,0
4.909134505415369,757.4620531389762,10.404919150711077,4.4937029999141105,0
4.93028128613166,701.966536924688,7.775656110046075,2.8830990211579244,0
7.819973762007016,235.44017043579,0.6969883422918021,19.8743543954463,1
10.555171326048189,736.3638564946634,10.548565960982373,35.1,0
7.842938230407997,178.19642229105526,1.4594252002321881,20.602952458608154,1
7.622848890487567,173.09962090551426,2.5730113489454185,21.756601919988288,1
7.193876060330802,224.59228557757507,0.9682288875732127,22.349429701041053,1
7.611662254930257,263.4540550574942,1.9304612473219647,27.430478532200556,1
7.013585399252703,259.39671308740964,1.1297011100578112,15.508100151985744,1
6.5,258.62632654573963,2.39449965852136,26.337910099429152,1
5.019583735881529,836.222457777886,8.081031662905719,4.3946779126489,0
6.859437426295875,79.77035130540885,2.2901932412845727,20.86525511629131,1
7.4623603106119045,119.32410139621203,1.0416611570632357,29.322975299325048,1
7.919074610739809,50.0,2.038322158809593,14.006620131421496,1
7.125736409334474,173.3711676493991,2.0057128896546854,22.150212306642253,1
6.950492415721678,183.97179377646688,0.0,21.692538371985354,1
7.736184420716139,200.50185249475345,0.0,24.284410514365472,1
6.614594020747153,302.3571945326201,2.0167660615713134,22.622046415054243,1
8.431552323382096,292.287227465354,1.329180153480206,22.482539043573816,1
9.995926850253928,613.1988995874572,4.832466087698478,42.03273983318317,0
9.936045097766891,735.9660983558549,7.144713452514985,42.15708736733275,0
3.9334263568392034,1071.9436426001791,5.5125232325438,1.6269398806193265,0
6.5,137.69303657436524,1.4108151893270282,22.802954163033558,1
7.296528773966712,169.29002069353737,1.4304799635455776,23.675646445491147,1
7.594933806635641,224.79158235045077,1.119605699156438,25.577835372420516,1
6.872711726706611,76.08315799572199,1.2284869526962714,22.3870196737552,1
9.391024546878231,678.6349316427203,5.848151080952993,54.06188326961923,0
5.293888279317989,952.7890727430932,5.304528539681465,8.56783721321497,0
5.259492779395041,616.3367725343197,10.809519818171024,7.06352380899925,0
9.206578660237907,701.0179609019397,7.442583169700665,45.7334242804734,0
7.236700993779349,59.80983238872025,0.7170335610518574,20.01249549063389,1
6.861215460672669,219.48241633490755,0.9835843067206114,20.42719598527124,1
5.448609014404458,1107.1061546743765,14.261816485380882,5.6817415826925615,0
7.002799626136467,50.0,2.526747789829283,23.345999155283604,1
4.657483735205756,591.0149930755497,8.125043621650727,7.254562246864139,0
6.1358755898984425,1034.5395154370135,5.6278681415343,9.255836149514513,0
6.715593520095018,100.8757837978686,2.3787448462019323,19.61211188839554,1
5.636187399405745,613.3057683149917,9.750300707467895,2.82778062734875,0
7.206247333579841,315.8237134766293,1.6728342443916282,22.83168026953583,1
10.471792043688781,501.0,10.559181368154832,51.912565318489385,0
7.544957388953104,188.22357770515222,2.8224951568527974,24.148719258166945,1
6.844303668708671,208.23339124185898,1.515645388476456,20.402973416216152,1
7.405440042627887,217.3346495171429,1.1979810488080807,26.389939885412655,1
9.719834861136512,729.6651514312457,4.74658812926365,36.724491848666574,0
9.207024615643094,573.2107328064392,4.464961625579463,36.22485079795991,0
6.232086258995225,895.4592017618846,5.124651856235577,7.465837173354966,0
4.491755704302668,960.4665555768931,9.904888620837651,1.5025739251625558,0
9.056667482657813,630.730601697468,4.1,49.31950393087161,0
4.902610196973099,712.0635982163101,4.1,1.6415838198924315,0
7.0162556401839025,144.34440982423487,2.501806482433219,23.63075894734871,1
5.652864835291151,968.2163077212831,4.533511873613707,4.674944070647487,0
7.460180037014456,255.70582896642588,1.368940874945184,20.797722437659004,1
4.629896578725687,970.2684244346274,8.77274524763131,6.970440345618202,0
7.272746502023399,205.7002999928714,2.615924569342808,26.597949456041473,1
7.182609220074455,192.71393117175782,0.8918627187989633,20.6319306167809,1
6.928913852099158,265.5940202108187,1.5546051929352003,26.866893969991786,1
9.85347750496027,1019.4845374845413,12.366228446516088,51.853391957332455,0
9.951339071349624,826.5369238266154,4.1,35.1,0
9.555533736597816,504.75390393812035,11.50630675103336,51.54388136688868,0
4.130691048891775,707.0153971270558,14.026728257288385,5.389677637971194,0
9.53999792762179,608.2143464570768,9.675674459844716,47.266435669762,0
5.391387210840028,613.0782174819537,7.337437159611345,9.343986418988582,0
5.446585685502643,959.7296414382287,8.099047630804579,6.2788560843851,0
7.134882837571083,403.1505298226289,0.14755438903602847,25.864501302121244,1
6.89841416445333,185.96972352810474,2.4622278873035883,19.35545155123611,1
9.071957563999545,709.8586881645482,5.7551760356669135,45.594317097703495,0
4.757525824246619,936.7236623872666,11.627259194042013,5.389257155834822,0
7.650682054731034,197.09355135661266,2.0671820310627336,18.821363263416785,1
7.439517755824764,159.12086638434184,1.4916018587605933,20.531543319710757,1
5.261660174442646,1004.7404673180197,15.346436917220682,6.9166654293702825,0
8.827826997584724,892.0090781767112,8.580965949894479,37.06375383983893,0
2.7736316541254236,775.3376801867679,8.168551755176962,4.5508899168186945,0
6.4,934.2052022777698,7.15076277920525,5.462923164997546,0
7.42059051009581,169.40380818645679,1.4546594181414865,21.861711098056723,1
7.344558242203366,98.45356027626407,1.903515941585696,25.691910260561723,1
8.922681525557635,655.9223282399057,8.39107160797133,42.00580493360436,0
7.321054186095614,129.5396728317816,1.5161564612652945,23.89126027971133,1
9.566880287027114,900.047670139648,6.48690439885818,37.71946173671785,0
5.740772903881783,1268.5714016574816,8.033624459587697,7.623204059447843,0
4.919977712846931,853.2430520305815,7.342824235926174,5.741004021656184,0
7.167713367956567,117.4435806324452,0.2987767261825178,28.396492963346937,1
10.062047947350813,729.0639280138483,4.4159495959503445,42.068278319187286,0
6.912637093772322,263.8275023916613,0.5963404463547433,24.677753486169873,1
5.324192020439316,501.0,10.03109140940242,5.180220858462173,0
6.5,109.3772038985804,1.8778351589798394,24.027662880545243,1
5.27737921299356,933.9736075809644,10.77194803736045,6.58592321089095,0
9.215319403954567,838.2884094689218,8.508621230654859,42.267571371567804,0
7.350563810439007,282.30151931387843,0.0,23.483471169884098,1
7.00850055133461,50.0,1.9866156738310983,25.90602635625266,1
8.878790163083794,857.9339624276281,4.48649699659629,42.160126716841084,0
3.8535676763057163,1032.580514508828,14.633999085804598,3.565472188311306,0
7.247832147365662,222.12806124089445,2.241695900836378,22.98116697054774,1
6.953098725381231,182.356941667477,2.0884246989483684,23.623401066771596,1
9.035076025803674,854.7189146523356,9.284763192550589,37.951777701481774,0
9.004402891187723,820.1351006197868,9.579643337461041,43.95943314471056,0
7.374529467869613,174.54099778059037,1.7796285608215294,27.9108811812083,1
4.738139539942083,501.0,8.057777927093637,2.82274455865275,0
6.982354399154323,161.5481646809407,0.8256225611610017,18.59353103925317,1
7.016446294852424,261.2702623584492,1.2102735404076002,21.133072843374155,1
6.975132789368679,92.79423431008522,1.08527418123364,24.668875757218114,1
6.987652490831872,214.04289836628783,1.4690086761087457,21.029667854840824,1
8.74886737382986,833.9653345167375,12.642922320785814,38.645428111576145,0
6.959452942419515,302.7276635158494,1.442673934299255,26.309174692062772,1
9.713838385504964,916.9450694071882,8.63277848589179,38.16363713820009,0
9.381138313326444,1000.5619503910281,9.365135282726666,38.50340563371664,0
4.90931616471416,883.6182855013203,4.1,6.466431675243188,0
7.837274650655759,351.82136133967816,1.041826500301183,17.091943690845856,1
7.429251125296481,447.86395472570064,1.1401378369424715,14.535016260601642,1
9.95835323629451,977.368531897717,12.458453975430032,42.63994181838632,0
9.008448426427925,697.1581111273947,4.387739149486411,48.5193707296569,0
6.939359860957674,352.9135269711779,0.0,21.469583687038014,1
9.799789313906876,630.1953135835929,12.29566719132354,38.89117156205584,0
6.5,154.75389057008078,1.028966267593419,25.798565994466134,1
6.9006053853773786,188.237966125532,1.0238785665564345,18.4289067708954,1
10.812652790134456,873.5058095122824,5.617748880183659,37.579818128975596,0
7.260703196899496,120.38608320806101,0.951085299148117,20.701032259672104,1
7.501336648441813,107.43067050293833,0.8632171481141659,19.87227396683163,1
7.274706705790831,50.0,0.831767328634958,21.528075621570487,1
7.32569893303811,50.0,1.6360334243367634,19.06102714610916,1
7.250089801059163,219.49257789621714,1.5977561719511275,23.166930901513236,1
7.271832712775839,162.4695316631673,2.0955035761224527,13.662673514628798,1
5.68483847582041,969.5857506710563,10.28429187218268,5.387843892963071,0
7.092050025882652,122.12969295783724,1.1469913889311638,18.10868842966817,1
3.9133944111020105,1160.882165339685,13.460104438302318,3.4979463863619555,0
9.552537985604147,893.2911945938824,9.981466947037092,35.1,0
8.736209529322121,951.6564772235843,10.061420918008936,43.77295139302341,0
7.01870878026909,230.35243180840877,0.0,25.05519908945304,1
7.382355108832643,115.32474930866778,1.341140273703453,17.717326514333614,1
7.235832272502099,181.14310041146652,1.177785266197946,21.319104832115283,1
7.39919931649818,104.37649891206043,1.3684984192938963,21.800359067835352,1
7.264229592419946,275.2945493135976,1.0802520036251575,20.197038890788992,1
7.0222826959695555,226.8915970420983,0.2642286890790182,24.279035678816715,1
6.935285414092645,214.77683798248665,0.9708345053156557,18.64655247999677,1
5.605644801455534,789.1490794271705,7.454163684972744,1.9397381425133364,0
7.146288335125479,328.60626451196083,2.1479737303997086,23.81288760913159,1
7.125251342335456,120.49098601321174,1.8091637949302424,19.74716106382952,1
7.4930560308862315,298.7801531235836,1.9725959394848445,21.54537263000384,1
9.782623561987364,706.9509141661838,12.244231458079438,51.9897410225645,0
10.450415907532872,947.4141341235344,6.278196100777399,47.03120373655818,0
5.518084786053656,718.8825286504642,5.409204821804547,2.972412518060554,0
5.20656218776091,1164.4926685987582,5.570718375200203,7.895715532302727,0
5.889833959913382,715.3126833641445,6.841288733865898,3.7732487430536263,0
7.118211511605551,121.88799610689621,1.2827222373708216,15.37744255931967,1
7.409005642106303,186.4701851485747,2.219235540346884,17.08046753885384,1
9.241016350391746,822.6320022785567,9.280370579775933,39.681013651750604,0
6.4,974.8480338466484,9.327687287068422,2.8304871316823723,0
5.51054723258257,716.7369485311945,10.110480568133514,4.9705045639663155,0
9.045923025696165,896.2291781530373,9.830400635263803,39.4300186083583,0
7.015089884517983,212.75700054433034,2.671007741328971,17.93767448139782,1
9.067395473073876,588.2283982284011,9.38980870744256,45.93060273799123,0
5.751127065631646,1130.3828673734756,8.754763753996535,7.634767835879643,0
6.659326157753466,226.32854229681035,0.9635742326530017,22.573670522725905,1
10.142458392437542,893.0768153638351,8.659610427121837,49.84099845263743,0
6.829447548007384,140.06626187174066,0.4900996497981014,23.58527872803145,1
7.388587342854398,228.11839202817612,1.6348560728536172,19.96042418853747,1
7.760639437178572,260.7059532930887,1.7640842815395583,20.12108081404161,1
5.367329052782846,1020.2439161455418,11.693912790706058,0.6939811227117572,0
6.5,218.3259750564562,2.532578655016899,18.054238003603015,1
7.585634867315343,168.9405557182769,1.8613008277104657,20.09786221305858,1
7.219544028130282,208.84282539791522,0.27942917832242475,21.997566070710842,1
6.5694431372063,425.1723555578042,1.434987849024863,22.838744254297954,1
7.045967087833474,143.24471980579628,2.214025554831463,17.48546194248317,1
3.9070307272782188,568.9983005200195,11.480744395488857,3.666761445010555,0
7.130949080023672,274.59478967637335,2.0585826782073338,18.686824958606405,1
7.057021830875829,164.2943587812524,1.708012016665755,20.201399224628744,1
7.502715471994793,98.549055601975,2.9260474478028504,20.782167915407083,1
6.939265556879136,367.66748014473274,1.020027557686909,25.28057437649224,1
5.410817095403789,862.2779875392854,9.098439577897047,4.456000055383727,0
5.178416242369731,780.7277428823553,9.63383751255211,6.24987898063176,0
7.164351984194885,327.09015424348763,2.1312100879981917,22.318318186226243,1
5.686698585577702,501.0,14.108128498520337,1.3586810136013923,0
7.354126951891535,50.0,1.3953810147845078,15.881004179983634,1
7.345984400986491,170.18595328384203,1.1966273033196928,22.493676534003843,1
6.918729429949646,201.40906015469258,1.7895313803001764,20.79306778416546,1
7.052155865582547,283.20494559220606,0.8410177816985827,26.840664381461274,1
4.4695262609396895,747.4050171968591,5.5092960989981465,3.4636115299890355,0
4.737763955298029,1247.085486951392,5.2630234578009265,6.38271276216105,0
7.544189395343898,218.13473987956777,1.822890459022482,23.262091763681013,1
9.583483811667081,991.9016114046659,8.809351788199809,39.645848117481094,0
5.182549831168764,674.3804329840433,5.274976244876044,7.852468516159529,0
7.122121081553328,251.5299014280087,0.7385759272524324,22.53576753180805,1
7.101702774365623,135.1199309096924,0.8151844351242515,21.132691799111427,1
7.752036541658981,231.4645640004259,0.6928409677821524,23.734990437394142,1
4.988044736463141,820.2654353720936,7.980151267539536,3.6345143103915305,0
8.931653440539593,839.327548350049,6.0872604263673935,35.1,0
9.114054812407023,1169.5320005884898,7.21870824051466,40.882464698517445,0
7.516412778817219,161.31508129227703,1.419869339740796,13.232085374880477,1
6.936753404369897,227.3328185562101,1.2034164981625268,23.548593264243625,1
9.739755281470652,570.6433802746901,9.955524715941067,44.49629242790832,0
9.208866468745612,1022.4121360066315,4.1,40.913069002917474,0
10.001656656407452,501.0,4.269923787171938,50.41707422371334,0
9.155675045681617,520.380397063625,7.831742821163977,42.69487826181642,0
6.832230306306479,203.3060505816495,0.9384604143753746,15.90731014330461,1
7.230382107166435,197.07280205256552,0.9747129105717407,24.35374472096123,1
6.961735482382603,226.148432048835,2.4464275561820283,19.317827354333268,1
6.704935031069081,140.15231483026824,0.7266577284509383,15.960027317683172,1
7.110614885869659,137.584069670603,1.4572317443958922,21.315282520814403,1
8.00535489901065,225.94721680118946,0.5845564043966376,26.358518091636647,1
7.471749313182602,82.36083590149995,3.221910389520566,29.55712981700101,1
7.1799047562203455,129.85809750305242,2.117600544819451,17.920794665221624,1
9.6881942809446,698.0866994260336,7.542867508186469,44.35376620773893,0
9.051029007179885,759.7824128799264,9.870251475803475,43.94084016716971,0
5.059418952152116,626.9401449730298,7.459593186770446,5.149363278908478,0
7.450252373458401,306.71085964004584,2.058996671177413,15.266471467828698,1
9.781704975411067,917.1983537957564,8.090806013325857,40.924689819695686,0
10.270728597416127,1097.6269254480403,7.267713313524376,49.04724741551084,0
6.802260250156595,152.84380800490254,1.737283125567783,21.699891998412795,1
7.567144778821911,223.85267727924204,1.2495204465911132,28.708802039864384,1
4.143044113704811,808.2653663754006,5.025673146811529,1.8539829147009992,0
3.8390246269920514,734.8973174010127,4.710124867558047,5.269814232676255,0
9.001121108670322,1110.992545545153,7.596067724525614,40.6891803993743,0
7.582122083428205,221.24935945380267,0.9570753767783262,14.469916994130145,1
7.76111772437444,239.29661323295971,0.9667227298388059,24.726536894673558,1
9.769827387172535,501.0,9.388738338479339,39.390582931474775,0
5.536549736580986,585.898373072916,9.032000318915108,3.090580332614155,0
7.114031587884506,308.809272014425,2.831790743660692,23.1276720830042,1
4.717503855998043,585.8491247322995,8.18403099272259,6.55153077056545,0
6.7967654756330385,285.9454410172449,1.3646006599931562,24.067301063297805,1
7.884683392056938,156.3166560946623,1.5407489089595394,21.105333712786223,1
6.4,893.9192966588802,6.479887471369285,3.75587033011009,0
4.204182625654644,855.0186953887509,9.722243846319605,4.143156539999929,0
7.189778371603422,316.97567509741094,1.3107433122671812,21.109700291100587,1
6.867057770758309,88.33686382460118,1.6059851734373443,18.569067293579923,1
5.3157152666853325,862.941988478152,8.38429665307696,3.0332465541026403,0
6.987514282156961,299.47246377497294,1.7071532682422665,23.685441017226836,1
9.546953240830225,759.248097301116,9.194698354076817,42.76773988211958,0
6.909145129670053,53.508409732931995,2.1105071739788386,23.599986211774425,1
7.323120707556824,279.6465211201624,1.897791364006949,20.701521302408235,1
6.8726285336232,206.96131843139094,1.4217070271395809,30.007689836993443,1
6.936866178459145,129.9326074803912,2.0461412048302523,13.503891696484596,1
9.51029508861734,776.2931531942272,9.380983455144449,46.07161425703889,0
7.547842368042264,363.98496766287406,2.138834225778308,22.760892887379576,1
5.154936014678535,965.0448838363252,4.1,9.302328082851538,0
6.940288981973597,202.01686940320656,1.9892671502021948,28.487494991140206,1
9.315558448531489,972.2195978013347,10.630279967462792,39.05647583221615,0
9.550803859345006,629.356376371624,6.806779147263404,46.56363406559905,0
7.329666540995377,289.74862849843765,2.170113375815472,20.144582281976216,1
7.031925273161657,294.55128743679694,1.3790080276301224,24.09008306576956,1
4.558787415917616,981.6445048183458,7.750458019686774,4.800479449371466,0
6.80739653958082,126.698071954902,1.217698545662343,19.394229800545276,1
7.385282516839649,160.98932632360297,1.2725994514510177,22.405691856958633,1
6.958405925313672,197.13395370348297,1.9072472394398536,13.786053805376445,1
4.839168982506692,845.0341864453871,8.980557218782803,6.704882529642685,0
10.583479633623483,755.0160920889297,6.416684372163722,44.573201199905796,0
9.450984464360106,928.4215517997227,7.319717610049565,38.3319602695668,0
7.550418717011918,333.8753508498388,1.9388139444703152,20.496287018114575,1
7.950718325023226,136.72804946659573,0.30883389919880866,28.098554385931024,1
7.133152767873258,311.47636220195454,0.9958515852952471,20.226282327059856,1
7.219233978664553,365.4325070530842,1.4710639566335808,23.767042598597918,1
10.079377417254936,972.6828143123221,8.725744952964495,45.153399310489405,0
6.854889694382752,50.0,1.7212475088109658,27.377138300938384,1
5.538376164825534,572.9135381938863,10.147751421456697,7.207253820889574,0
9.595461865877553,930.9376986016289,4.552086267829514,50.5676486467014,0
10.076584849227423,572.9367437522453,6.338195948473273,35.99393590553369,0
4.584260417437092,792.4226597956316,10.643040041495606,2.1886463845919963,0
7.525144847535584,107.73195915232324,1.2572598962633015,22.519992903206383,1
7.123588894959933,265.3469609144785,1.507381998218718,25.881850547626666,1
7.590326687737884,115.54884081611229,1.9469803220873194,28.228643558794637,1
9.553334827683523,932.5987404105199,8.07394213463163,42.57930379421,0
3.6527967857630683,1173.1454711936913,5.157731314944623,4.258407132400947,0
5.796242320423378,1260.817956709838,7.995284577880417,7.598362505258368,0
7.423330765008689,279.81056615361956,2.888543556705214,22.161230797320993,1
7.797075427583809,156.9883393776147,0.8924172042301677,21.589405706197475,1
4.38189048827752,632.762577092335,5.008569359642941,4.988554318190158,0
10.098381612490218,699.7524084999843,9.421194982305972,44.17103588930943,0
7.397327160352356,208.27505034464852,1.742282130158406,25.094230824827253,1
7.72695762625373,201.81046821414952,1.703965289371162,25.687745512030467,1
7.18742433185009,177.2130449806239,0.6889777154383604,27.29170464134213,1
7.500231667008706,168.96280248740382,0.9640721900788686,32.3211675947631,1
6.757718132605626,446.1488296144403,2.5687688645040856,27.194773163973696,1
7.603005475934769,276.63456441725475,2.014592479137864,22.037705442255092,1
7.1749627488401915,122.70029441973968,1.922552017272517,23.425650334137504,1
7.581254653565298,247.0284710510188,1.9493629906105907,19.75579659191093,1
7.5489282546882714,177.6151726098395,1.7503629566417627,13.740538889265434,1
4.631547176192354,685.9612804603694,5.279813103949718,5.846159920648706,0
6.340735030087501,675.5745039287222,8.827957548261619,7.020741700380664,0
7.211327350452184,120.53130403344394,1.3025119561462621,21.539246684894085,1
8.07592117328707,240.4772442764692,2.134580909976975,20.40091795422777,1
7.592706194796638,148.0138491602051,0.9018545760833621,24.01018498581673,1
6.010831208637207,864.7510134462987,9.96775741897651,3.403628212206068,0
7.034800871142626,223.79696424942532,1.5442625025591707,28.30288180149506,1
7.242357781246094,191.84042266912545,1.6489770790689782,21.136676978255384,1
9.92718466017471,1044.438836021359,8.190613865470452,42.93126229950633,0
7.438891287301354,200.58901451388536,2.057501256649477,28.19203288327477,1
8.874038869763273,984.9652424753474,7.9500076001061695,40.32481053990824,0
7.105377885112421,248.20642143826728,1.2498094662805102,23.58651175688583,1
5.298497917672807,920.8049693899105,6.826465509092837,4.109718974737317,0
7.289780727423989,198.21597730255576,0.0,24.474225427911698,1
5.570420680346359,825.1117044947156,7.988754398594445,6.849155731725701,0
7.57982165417653,147.6881289339539,1.1840879949594347,24.469714523709296,1
6.869835788008418,267.34246198272103,1.2860572903152432,22.49865357363023,1
7.096181328966433,241.43958211131616,2.5067184408019916,14.086460333707663,1
8.6,823.3131313630672,9.70106549870968,38.329975028554244,0
7.530873299614409,139.8051810117572,1.3156845351854587,20.4898754057607,1
9.459464629495988,542.524281372931,10.017838673269527,38.37240847779042,0
7.257177237905483,134.11720234993203,2.0482119214439076,19.212234159447615,1
6.912062316642117,50.0,1.2084930967263823,16.062243727226296,1
3.5068414777892194,1027.656288977916,10.127089325954913,5.201893940579162,0
9.392739524832045,652.2569468915227,13.064935434358645,35.1,0
7.002497366735475,209.05123656424183,2.378163091666833,20.758415454097946,1
7.053397191852779,308.97059229480635,0.6284641435472036,22.49207469410702,1
7.1319261509900285,182.8745841817711,1.0328666331484637,22.090001552981757,1
7.555062170349535,121.70073309521871,1.3144545021779945,17.476050446057656,1
7.1005235495265815,293.8753821305956,0.9592205217104349,15.933349814856314,1
7.356278368371258,154.37487457708272,1.1150526172749582,20.790601734672997,1
4.3373579683384875,1028.6608548660029,8.5576336508668,5.261487718036499,0
5.567291511706627,784.3226600541215,4.272307991600883,3.799106068822651,0
9.147819837889559,581.5760180555208,8.345076699028422,53.392586579779994,0
6.704873800469261,270.11645164023486,2.213246268062929,24.808121294669306,1
9.887468053554237,682.6768528880496,8.253023096594633,42.30626355170194,0
6.7509111913750806,278.31116468454235,2.8097521376156798,19.811232844470037,1
6.5,125.15229609900592,1.1746629432617905,16.35169757473748,1
7.437901736666115,278.910120472475,2.2596555845631423,17.875575786822946,1
7.374623921663067,243.66293708258843,0.9711507818062356,21.675227263458122,1
3.7703791990976567,572.9975803627863,7.2793733869924395,6.902554777753062,0
5.5298449138946415,840.6495462610801,4.1,6.633249486524457,0
7.014238295076245,329.50301117286944,0.7971442569314808,19.42041656542265,1
4.110250958977153,836.5175608428673,8.60028217738518,4.8454209997012345,0
9.036142853857816,557.4956105832644,5.961741317171327,43.730829105273905,0
8.443967422402144,286.56898503945126,2.058663734063093,19.803045386749698,1
6.6993842303238225,374.7277386704365,0.4745176777265778,18.44062091623543,1
8.6,725.5363292859032,6.525768749931313,46.800304373507615,0
4.471881706130819,612.1893712596059,6.558739341789517,5.849097199439338,0
9.752696688110232,769.7274192848515,4.519938854170134,38.667600365182594,0
7.326462382873111,80.47697653681995,1.7290193870144532,24.027905383312568,1
7.705033641370873,200.1060550987526,2.065999704823082,18.90487768443737,1
7.350884750025808,236.99868992534832,0.7082529351481887,21.06168388152325,1
7.899830697274776,109.91568312711598,2.308285636701704,19.24522226621906,1
5.185232855051044,741.7672459147318,5.010414750144321,3.9687319318393457,0
4.393468944400057,501.0,13.018969108534858,9.422485900565123,0
8.876829853189562,813.8956232442157,10.853064008534464,40.84273892506173,0
7.499164102447014,224.41945012250824,2.3197713801686914,16.553299878145477,1
7.790142486779821,172.7273698123136,0.7734060515075392,23.919758964593115,1
9.510013669902015,634.5046497476341,5.908011024507624,47.21521263418191,0
4.379696776261914,827.6385495582641,8.033504028518983,4.847902184605915,0
6.997701318295226,337.7724078246556,1.6344029658780737,17.986792676098013,1
9.215184961726811,716.6416697723316,11.875243552197894,44.562997556363996,0
7.054555115114458,185.48407446019866,2.721208709052674,24.379417493588978,1
8.004908178280306,204.66962326543165,0.48975944434994423,15.35518237926431,1
6.77643696517736,138.63460356797594,1.6942611012173232,20.5634734875645,1
9.585200497031005,776.3583108858107,13.774536485370563,40.589202320062675,0
7.418838952468016,340.8950499893899,1.452087455133509,22.88075725682053,1
7.0710718123154646,122.98791904648189,0.9802592555612804,19.958835361747745,1
6.8928809739583485,86.16200597906615,1.5763580792448824,20.584564148719586,1
7.289636992724167,157.9296259283837,1.3275653031741064,20.7076970292919,1
9.941812274485486,855.504936895259,8.791598062708836,46.797879461925675,0
7.144221489727601,226.75508118788173,1.7513385654362565,17.291873474187717,1
9.850941126029648,573.6989397295674,4.413590850003464,42.293019697628594,0
9.485246200690465,675.3639369383873,6.138377373663018,37.79439316219804,0
9.600516751858285,501.0,6.151699540282149,42.109866479816084,0
7.590079051912972,211.09161469680677,2.493324927957085,21.273065849536376,1
6.635078519465884,244.13926399287362,2.1747477961388997,24.66351129482556,1
7.171800488776364,297.6226317134174,1.1811730606251816,26.148021297476635,1
4.720023935718969,888.1639597811431,10.358894692700835,2.6590765814227524,0
8.394103601041364,147.07668459877664,1.6413993075301248,10.365357022077985,1
7.005854580868359,141.1757231454438,1.3141076412370212,18.39935908850535,1
6.5,153.76633785338316,1.8227546226075046,25.848842314324393,1
6.518647024257938,96.93539060291698,1.853736003353144,25.30735452283646,1
9.82717784529811,1240.6619630515515,5.590872796807265,37.015664526215645,0
7.902190279326196,196.37965584285308,2.116743531166466,24.5852806525433,1
4.7341818389999295,761.183973533381,8.830982993357303,3.06774695374182,0
5.262074184914366,848.7972375995294,9.88740589477335,3.3191304746605863,0
7.393075154883685,151.06930106443528,0.7612730889852783,23.345051804743584,1
9.688855880056916,805.268257749487,6.366796941263262,45.2161770927628,0
5.937819967686455,1040.642556458457,9.082581828697043,4.251199104002186,0
6.947368908333868,87.61464448579945,1.905236872648394,22.34137582208204,1
7.238448310776394,102.61738462236166,0.0,31.222547349468755,1
6.70329576980735,102.60769652024385,2.611913023368078,25.352056218145243,1
6.5,248.01703725954224,1.327400262018298,20.955965103310746,1
10.049117901761713,742.7397194211626,8.501129312507432,53.29230398077322,0
7.681553774867527,282.97271189265945,2.2953339622497797,17.767414274822354,1
7.453112746442514,353.6294001715409,1.3110336722223852,15.869607061608953,1
7.621520820813961,302.3092650650715,2.8072234029129453,20.868962689482526,1
9.49253731377852,751.636417494204,6.148102790725863,47.56134146517554,0
5.427184637934931,658.8391889768701,11.349292246346621,4.7469479009427005,0
7.5941798742460875,232.26196504297374,1.5887772795944732,18.67044222012223,1
6.246635965417958,697.2400494583931,11.843808936204027,4.591385582799668,0
7.071861076722272,158.58459417046282,2.403322518963445,19.140770964034118,1
7.2246719399391885,262.72022234485985,2.4550283709196066,13.129563679391941,1
7.359689249042112,107.90770107577046,1.8506421303601002,24.01746026287364,1
7.483780726855616,257.82615159884097,1.2903394737167657,27.9765675890673,1
7.139012065447782,79.04932643494291,2.4576659657704285,21.75164520714285,1
7.516148758420685,50.0,0.254087424254283,21.035747110136878,1
4.481877794897564,1039.1883814870614,4.1,4.517357224124294,0
6.80897790208058,233.951515028881,1.6010285302082257,26.762118574870705,1
7.400437667975938,113.10989606548722,1.7053464254260884,18.234474055442938,1
10.171478165815612,900.863803112912,11.691453069075056,44.39150196127345,0
3.8341605699329344,792.4214336410621,4.1,2.793414514350747,0
6.5,188.62827704475632,1.7700249777271864,18.300296737122906,1
9.70866465083022,612.5172423127374,5.5021783407834555,39.073965515481994,0
4.097927239032989,731.4011548795536,9.006263961441109,5.584968375884592,0
9.123405543605767,719.1861099495053,10.723581913113474,39.37549018565501,0
5.196655377453111,918.6673199262727,5.952379861539363,7.781451858282862,0
6.836897527941232,185.91100528321098,0.7379146126665606,27.96466561712072,1
9.540562291709252,966.9978854757171,5.5577863325234516,35.1,0
5.208692939777581,735.4955761785886,4.1,5.097367769803087,0
7.208986357124819,255.13315656594685,1.2665596033212134,26.24320028722379,1
5.049387741168237,956.676944830848,7.34008973998091,0.9760372685885939,0
6.068379118280523,691.0259858352975,12.557058717592943,1.7887331938744246,0
4.891301561308963,663.1907939241917,4.649241464263523,6.470886572408317,0
7.480123951763597,198.21768166530293,1.610666413106767,19.795535039837485,1
5.618182702335515,970.622052889948,5.991931711249116,7.650527206254777,0
10.136455108623712,844.0646583381836,8.374291588632156,51.86866721367926,0
7.368037796180737,289.49058673233696,1.2732638027488548,23.160151212215606,1
9.55631834091282,1180.9359764163275,10.575990317232725,35.1,0
7.498501426410888,87.45479924019693,1.2494066959106649,31.290436901051066,1
7.492748281715318,203.82602558277463,2.081847772239829,22.311749186232838,1
7.073892302143862,258.84975977965973,0.8744834903966158,19.530857172484453,1
5.114467949622395,754.8036909311876,8.217081169725153,6.658687850452564,0
9.875234930967547,656.8911160482945,8.678947858695436,47.934465387979486,0
7.446374242777706,284.589464430258,1.8265019011886219,21.088429764936663,1
7.1986502170356195,233.0399129710238,1.5698784205698375,22.29874337054754,1
7.607064586737401,143.24550741372192,1.0952515312461721,22.137575181230332,1
6.5,73.40576207810881,1.337408548040369,26.371836443586673,1
5.008390386139101,626.9220989909546,7.122451419351974,2.18557780099162,0
7.392899581072263,287.21467768163575,1.8208723069699477,19.690631937166664,1
6.109567912218624,789.7210145614953,5.5073520084346095,3.9776044028772306,0
8.6,1172.3829756300345,4.1451660141355156,43.21122116244825,0
9.674824878573737,1121.8686751219755,9.2368417944305,40.73938420613962,0
6.8464570255195465,257.0169623089065,0.4984181588627299,28.14958692273716,1
10.273199343594914,501.0,12.000317498098894,37.094563683526594,0
7.017161497365492,152.18658533961144,2.444394573579401,10.757486733527665,1
7.812300332937479,254.50898612602444,3.5601338346880347,18.900791287457885,1
7.675357309379233,184.29754788896506,0.3608817904368793,28.85084564510509,1
9.883531344744851,1132.5554578358938,12.616541871408032,35.1,0
4.18564044309188,803.4137650399452,10.798486112276594,3.1659439425184193,0
4.721227046910416,649.9482384616526,11.633796489479039,3.917411021723143,0
8.854272217756519,551.2653771622316,10.826690052703508,48.164333956933575,0
7.056283163685176,187.03008196161133,2.7639021028807704,20.657936671867734,1
6.606040812620039,202.1850703881151,0.7874619566659886,19.30634304176051,1
7.344654410019054,218.02112937980397,2.107031188979417,27.96669543520723,1
9.957477666505111,987.267476165866,5.496871064735786,42.877068209132055,0
6.843523109833885,180.17980654082325,1.605985177250413,20.64364682189269,1
6.5,217.94717254224662,1.652872291280922,30.625398526917195,1
6.696968856434154,187.95087882960536,2.005872377421809,25.852906135575758,1
7.31844811082583,283.3379731247081,0.6996627062412976,16.948540985087288,1
8.939015940025293,501.0,7.049949536109771,35.1,0
4.842115875732269,922.5768143526368,4.1,7.083825208354956,0
6.707654273426418,178.5887127280965,2.1690619215787366,25.18536007899533,1
9.21233131597846,903.4550854722613,6.920071479257297,42.16241027376622,0
6.945855044469749,182.8899865956289,3.310182622978727,17.574623371691565,1
10.672026889416314,571.7168415545561,10.147593888713441,44.53181735531032,0
9.4313941484779,639.2393639805829,4.1,35.1,0
7.249068126397918,172.38682356401628,0.8716384303074622,23.84861638423871,1
7.541109470048888,234.02570466640884,1.776470579226315,29.242089913683973,1
6.5,261.29943800324077,1.2823437385542342,29.474108752292363,1
7.250551831818565,184.73022243574562,1.9328523963817654,24.738859416199567,1
7.277435964547018,166.0887966142118,0.8059310712267576,25.261296667236056,1
7.285591964293689,281.88245153482757,1.9193723323045162,23.03572171290276,1
7.082413220934328,156.89913301231235,1.3493625735078738,23.397454213929517,1
5.6478895878967,644.9034702631174,7.2115494724216544,7.5848178609374575,0
10.010729052007688,1114.6272044085806,9.032401114484196,47.94586391552501,0
7.61501597770316,300.73865918294393,0.21181353064310215,22.41247170286882,1
5.443314341210199,1153.5857333679066,6.049718734074034,8.921435664077405,0
6.995513729427526,124.1685826184811,0.0653398386681725,19.280376413012675,1
7.174928361090731,161.78835339167958,1.3090088175619086,21.30582232975445,1
7.437010779680474,104.46484791261685,1.3742661950160566,22.54196548926705,1
6.967978703451983,149.70765559403438,2.205113050231284,29.669151874423015,1
9.273323274949705,590.065176848641,5.362591720676946,43.350248067225984,0
6.538045025508682,327.2322854858911,1.3422539604690602,24.570868610525935,1
6.988378929061482,201.13194119726066,1.0913945065061792,28.517274069766447,1
7.0067254150802505,135.24953431337968,2.6237491736532643,14.092713724209638,1
5.710757544286843,1067.0209234537247,7.566239698020657,4.928197404799785,0
6.878728419727862,228.81313471566136,1.4891698514912823,20.93630322371027,1
3.131255442355923,501.0,10.479955392297295,4.603087120911928,0
9.7306141307494,949.2555187220819,5.1635949800160255,46.98669612879539,0
7.3001971401383505,267.3586956361702,2.8245342325831473,24.634527811162037,1
7.415318431619854,309.5760886123348,1.200177219541571,26.22515393498449,1
6.894910088573514,258.68382508046926,1.8017160706076252,21.482810171857967,1
7.387707035923411,300.4116630699923,0.7152061910694546,26.455449591928883,1
7.076316369180055,258.4767181100973,1.5743280436081515,26.229709148456543,1
6.988095918493185,50.0,1.6849783345251375,21.47555464527807,1
6.7859030710322505,169.89594200600033,2.197181575192512,22.209491074910275,1
6.840612807283585,72.170229240413,0.0,16.904650699463183,1
7.300896158570671,131.14166692837293,1.9499988457740633,22.295547744498215,1
3.383198143299005,763.718793056562,7.805572239316609,4.5902787314572295,0
4.926267351342819,753.2240793373263,7.935912882675569,6.790920447349665,0
6.943407361910819,215.4077534985044,1.7273307676734793,24.4992712922155,1
3.6074395148957317,1003.3661778025703,10.869648385361806,6.39686556412595,0
5.957990832030539,1005.7397431779799,12.076849853801349,4.779200191801913,0
6.8325392214063205,157.73623626696167,0.9744892750960809,18.74125738704932,1
7.5409733339184895,275.0332430008524,1.752309173404941,17.149371469506747,1
9.683659693924598,908.7048665100056,7.023736185881507,39.47697702257513,0
5.437271780550911,622.4074126796756,10.472457090366916,3.981309807338583,0
4.751033368661055,944.5553547865546,6.26208407426287,7.555266699615618,0
7.350840157560874,140.81830688216263,2.2846769165300644,19.42028615871081,1
7.0860498026521315,95.77241891802038,0.5358931575095301,19.339872438784298,1
7.285637497652082,382.5321469231074,1.0283469260383666,24.472273975720167,1
10.06852943002276,1176.3242578715542,4.1,41.817195286854144,0
9.62239230980175,555.9171578377831,9.095481897425508,43.264463978451545,0
7.9386547984190665,167.0223403980424,0.24406569341539464,21.22807452895724,1
6.905788022964094,110.30050079244866,1.6280961147516824,21.407108444627518,1
9.584701537456034,739.0037400303339,11.955823484534134,39.30444669649175,0
7.126721352511845,131.86702605324854,2.838124246944325,17.481330162757853,1
10.012386900332505,833.8754939885414,10.29379879290674,43.63819618360711,0
8.974335490988361,908.5549347825124,10.058865625195441,51.844294256024384,0
7.399097235636558,215.07806088144824,0.9043174435229046,16.765263476043444,1
5.976572156396353,943.1218135946182,4.602178128436238,-1.6718030989381925,0
7.425152344069742,281.8273177240611,1.7049801905106783,25.74552053846649,1
6.5,164.11657307777108,0.8656492675669523,18.914922333290075,1
8.844131653877438,794.5195418266992,8.730860064469473,36.53115799887246,0
9.323104634428843,729.0298537296369,7.621575350368046,35.1,0
7.575313522390399,88.91659569350311,0.8357330205619253,25.735241704299987,1
5.105241312141996,665.0124286173003,5.695029518910115,6.273084076151335,0
8.60712935902687,958.9282407147318,5.9435814419347395,44.02514802222097,0
6.5,227.036444331602,1.873586673604335,23.54022067175134,1
9.605317722607529,924.5722969922991,6.935235938902299,42.29827282503542,0
9.40540983242054,752.6933495807752,4.1,50.73038759147097,0
7.097528099001848,236.16542706077368,1.2596653769032855,16.27554342891498,1
6.5,278.05707021354,1.2262827331940964,23.050567951486762,1
5.1237188345893,1107.5709902652964,6.977837685403754,2.4348866139894247,0
7.664751321043276,233.18183126310328,1.9196154804251928,20.431081554623905,1
6.4,950.8171610076997,6.345417799695111,3.6452755425564614,0
4.817692569294476,501.0,8.146545179628454,2.537000845556801,0
6.5,382.1669198442644,0.0,22.497504489203717,1
6.765101624454879,167.21590049651735,0.7132851164120841,24.8330648786296,1
7.106165146649942,246.38858282361056,0.997354651467215,20.00051586197987,1
9.661816236256488,689.9096254621576,8.085406821315232,44.98166791932737,0
4.333709379876372,543.8775709277784,8.466974893015223,5.262224392356869,0
9.10108893927861,579.5830870447869,6.774501445531381,40.701263083008456,0
9.090473678440597,728.2347258112901,16.229338617391235,36.97840807808496,0
8.6,501.0,13.939845104871797,48.447968098123795,0
7.542559517729389,256.985772766413,0.7465331688185592,14.766818686001942,1
9.857955208064405,772.4428277615439,5.103274981370483,38.4280672014799,0
7.232975901173801,420.41741949759216,1.6353844570328018,28.321359083291878,1
7.329267085673913,240.0665272803369,1.5615814829904182,20.260821226511133,1
7.102646408249993,214.74472512624828,1.994553824483077,16.22428431003109,1
11.093287455905527,671.4556812234573,9.852861995253951,39.685847382848145,0
9.300151754582005,902.3210180738041,10.736071012964917,41.825196519233096,0
7.2083174830701635,233.74240594006966,2.1960091786813365,23.15260016616102,1
6.923031608050458,50.0,0.8419888475133721,22.29955033748623,1
9.474528860468299,911.9623523861521,6.151555613322117,42.6062186591019,0
8.24831723641199,121.60595401742044,1.398593271397734,19.63541268029756,1
3.9379940075700555,852.3250527161542,10.725242717258485,3.592333483861074,0
5.632548968020672,733.1586003867103,9.475634451736664,3.61099367723038,0
6.038352154828106,719.7653656505222,5.342112296000332,5.085814652335383,0
7.528824063997797,168.80610347524438,2.2951634921606754,16.983909390285934,1
7.471150127812363,179.4975340598742,1.7218664048888808,26.39833785731068,1
7.025016679870636,284.31132418367065,1.2527151051932892,23.573180552665924,1
7.891017268040285,145.70855509647174,2.29616676834024,25.061749977500064,1
7.327669804167672,50.0,1.4595143713356844,15.031670169176145,1
7.47208644218018,295.28686838187815,0.0,23.265095121038854,1
6.647582158738491,159.98417463232033,1.083847412835695,21.353424822085557,1
7.110057607276769,132.34615164047096,1.154066983853161,15.705483911532061,1
6.724960632388195,50.0,2.274697297001122,27.26470432612009,1
6.800279107082035,148.66665438956943,0.7792126322568578,25.40771628316337,1
6.8701943353889305,134.99633839024114,1.8222909548899768,22.07132901811903,1
6.9279901113686035,50.0,0.9588792032781079,25.981660761797897,1
7.033053274557966,187.1664494419722,2.3864311875694018,25.885377138165925,1
9.165451619931144,865.3191919832713,4.1,43.767569922242124,0
6.890848932870557,231.16836192735903,1.5598593307477193,26.357088987724396,1
7.377841067288056,230.9897184506392,1.9349427179783716,25.797185993501262,1
6.866777577199697,171.11926213979442,1.4792178467998152,22.860127771773826,1
7.419553534126946,251.0084649784967,1.666480678530835,19.326567344036444,1
7.123798757600875,76.44529214014045,1.7431782405043335,23.83830195324426,1
7.305608032533468,120.12473176986254,1.2849276420367879,16.682563764263744,1
9.481141025117205,986.8548035273094,4.1,46.10600574875912,0
4.418036860221505,890.1540834372532,5.543142665078838,1.3170105813270832,0
7.226796286889949,268.1974914746361,1.249117497140978,27.15652734174978,1
7.940911273803575,147.34012701329215,1.202618056732053,21.041776564251602,1
7.483342578919742,93.37780820162803,1.1780985163794018,25.433081720727486,1
7.699096829069494,244.66691385693645,1.8946515125048402,18.13981767769528,1
7.387077268706173,298.39922947509467,3.1931444455194242,20.406691948473487,1
7.331504964121392,332.49666016458366,2.416905618603474,17.401034178528427,1
7.119122939026442,199.974906191058,1.520142894856699,26.129557592505588,1
9.38691235615962,828.5242785337765,6.821976039421747,39.22666562705966,0
7.106392056357207,138.71033355114633,0.9727573528863205,21.56806525594956,1
5.40205981949715,702.0111958052075,7.671035452647622,7.793886912465642,0
7.415564017473864,354.8123232048183,1.7669979322740392,17.162258684163767,1
6.824869984033951,145.8403889233175,2.607481725912497,15.180897023087823,1
6.984463257522905,425.9464472802437,2.3355282286208117,30.420346557338007,1
5.037549038732182,860.3863370237408,5.925315791918679,3.2493528648179093,0
5.751362281329638,926.639035734383,14.104247474457772,3.3161739183318897,0
7.246930953323513,284.9096771898507,2.184920463966585,25.74946965701472,1
4.726203895882566,501.0,13.669441711681529,6.976191967153374,0
7.1236384833090804,159.18713490798262,2.3657827262890865,16.19266101932626,1
6.5,222.34142705732208,1.9182763941263097,22.953995702692218,1
7.352963898473621,90.26054965891956,0.904381137672771,16.99457527104285,1
5.185338147356049,817.8721477192479,4.1,4.580943236965889,0
7.804461972098939,156.91410613627005,0.7607219015690394,21.58564842141174,1
7.654226256072239,105.75673060988954,1.5881205714036604,18.302926389619714,1
4.5781093298239135,1062.4415987203065,14.390312798962876,5.0439631052872045,0
7.708622037997664,193.30256321206303,1.1151474482533767,21.97174838179668,1
7.03676985079138,204.13287814808638,1.9950619616629937,22.41352798484838,1
4.630603966923099,523.2281962008308,5.939359295635616,6.041552889468013,0
9.878476368063911,944.0027063672503,13.601693861542426,46.08933212474818,0
7.488668825617294,110.4363097293465,1.279313566258621,20.409805213816888,1
7.450266939106003,278.2737689622428,2.174909118920385,21.61940750769072,1
9.510832705851781,848.0975298935522,7.305745816385023,42.78162571977722,0
7.5252820746991915,97.94538720034147,2.01892387183554,21.769988124820333,1
7.535576200187845,79.19670304117983,1.3685910834940813,25.627137066701717,1
9.546210573669619,983.2657906877142,9.751188084565458,49.150863718093895,0
7.2279208339960075,206.3678289900829,0.6535609021322758,20.149053408014648,1
3.738216291094302,1044.0952782162149,4.1,5.791395013216009,0
9.320047231408376,1077.7600207239152,10.177770834945205,49.76797405224914,0
7.092237266222177,241.78005088142228,0.4628934599140424,20.8726206024116,1
6.950920192071763,176.9568900862339,1.2794426504637537,25.5668023242783,1
7.248012530687305,179.215988738599,0.7109153452120971,20.979251313942864,1
7.218959468526566,327.55539133993574,2.0742088621562753,20.129045264565672,1
4.91778603080992,561.6561732765314,8.834238786720581,3.7115940033601227,0
6.861282512772638,271.43630960870155,1.4838646107401736,21.643186809233327,1
6.865942839347991,243.97465490322077,1.1704714306126527,24.644611714645386,1
5.282431398732001,552.3677711329083,6.6040324449767684,4.164352962381238,0
7.5173954882208855,145.03887202404022,0.5086117984615749,21.95053624703054,1
7.776509315626447,182.74658899618942,1.2463567097177284,27.982286945929705,1
7.346914925360537,327.4135998626307,1.7608537305360386,12.834828772463739,1
9.181900779398935,646.7040454182861,10.139894529861897,41.79196252314803,0
7.072913961297506,433.4538844048074,0.7748266499753524,21.32268457153981,1
4.499914063445078,532.9967508703952,10.090273588142903,5.027671446444789,0
7.1893944498203135,177.34888826049863,0.6143191136403495,24.160071206892564,1
7.2131187981646345,267.3837861611122,1.586400427192554,21.187325884061284,1
8.125863426669405,115.98874083182835,2.33950970104511,23.14554697582156,1
7.149685231960141,261.12238252582875,2.5188041387407276,31.60633464412141,1
7.75680091453784,159.26293099206924,1.2487291303744104,22.895979875604194,1
6.4,746.3934825344779,9.071487757103812,4.50689278484802,0
7.108243702372789,274.0780080571693,1.0812044660615066,21.07252597349684,1
7.3718472876530345,246.89326403142266,1.4380190497918912,25.290729706296574,1
8.776391110371021,501.0,5.715633329708448,35.1,0
7.214105420788692,351.7830955818489,0.611374313791031,21.83757507328588,1
9.474209371392211,532.8346309698957,12.102953911807917,38.065861846324815,0
7.137729105843168,74.57124597076353,2.3097836467258923,22.28915338849948,1
4.5809925671786536,501.0,12.382456154867338,6.746338584763176,0
7.3598751807010565,50.0,0.25356202896475755,23.94696600863224,1
7.2232834873784,170.21447576496618,1.290825937679557,12.050172965175483,1
7.174590170153858,323.2259183855909,1.3534370706816607,18.1289906418116,1
7.202097479887273,215.63853852426325,1.244026042228636,15.651247721286184,1
3.9829726007087185,856.4705327959305,10.497997273641083,3.052267692613487,0
9.493068932747864,799.410917733481,10.656582116917864,51.893256437742515,0
9.376146400782751,728.8906657618588,12.477829842392106,43.9255401606319,0
7.169694285385816,172.32645367622635,3.345668399361912,24.466317409229084,1
7.181795101879503,194.38237107859067,1.4184000574826698,24.53033119856879,1
9.848591310396426,917.5670243731579,5.719423034777304,44.22821752245049,0
7.939582437978139,232.64422774694046,1.6800773947780512,26.493709148383047,1
6.5,233.9253489214761,2.52357822282431,16.62028885173931,1
7.488952543131108,104.4381648187172,1.3421546036657548,26.425828609178577,1
9.436421985271634,639.2159311521158,6.353438421103241,37.66982777388304,0
5.129433232482176,915.9944342067221,8.750443148106068,6.567646811493317,0
6.620141912120588,264.2523794091218,2.1270573527651497,19.235782490424416,1
7.420594150416187,263.73615416565934,2.316569835354702,30.02563455085175,1
7.722191522861732,171.08297866448115,2.270931115422685,21.481307791885598,1
6.0894087306721785,886.9785925354677,12.385978492604961,5.67905989652732,0
10.161274231415831,770.0638104169366,10.634641994464983,37.046763449539704,0
8.185296844994115,103.24184516649558,0.8889077231774531,20.70594021286217,1
7.457089103947018,141.46946088731775,2.2816768925472655,17.717334375239286,1
6.985865965193511,240.4588345978239,0.8842494271141316,23.014734217192387,1
5.083063388026158,941.4974414410724,8.191463675100916,-0.9520649480190491,0
6.932742365784403,261.7436941788529,0.9876998841088799,27.411036122459052,1
3.416324579317977,1152.6597600599139,8.113891184631905,4.817220655899478,0
9.553572664868785,913.0400434169198,11.094247719302023,35.1,0
7.115547904468922,250.20850380494647,1.185913022166361,21.983192338435376,1
5.566142595221795,573.9766735262103,13.485875787325474,5.779695298754839,0
4.971674048763719,533.5748469446705,10.414362330582197,3.0351675190381258,0
6.209654359313163,711.1040940244591,9.258025617384876,4.171989529723191,0
10.39069985830043,621.8029116093139,9.091521302877839,36.62768616821999,0
7.839458868201887,110.39620620241023,1.4155889680685714,19.248862820698275,1
7.132742472566084,308.0891271989372,1.0176217415947468,17.90536101547714,1
7.636524048237708,189.42907288787623,0.29762949614562273,20.531909541113432,1
9.399873086593612,825.184764097091,7.241359802664878,45.24400908075788,0
9.708729515681583,501.0,4.346985867180548,35.1,0
10.486262386523453,1018.4110822877603,9.331027180664348,49.37346992672841,0
10.117741884751535,868.888988870116,8.443466270909735,49.96426032185994,0
5.136387744557531,683.1180450623523,5.941815420368964,4.836175408548783,0
7.558735726346213,135.6841268218015,1.221201876520216,22.859703859106823,1
7.428822976685658,277.112554726069,2.0813486937901664,10.0,1
5.523114088216819,1173.606584991822,11.99135501468695,3.9012332321000995,0
9.294413302223342,768.9875910603043,12.249983924893868,35.1,0
7.269336665748163,282.71048439393667,0.4874512575215191,16.698874512190237,1
7.021071241736499,146.62487321779957,2.271216503250346,27.19948497412242,1
6.535615626593604,304.26224298528507,1.9811987285885528,19.59645129658475,1
5.1584455407081204,842.2249553689334,5.817605580637162,6.016534642926698,0
7.721736097151261,193.93028394519814,1.178786208482502,21.799677604574132,1
7.076876611544447,152.01428848663508,2.3903296817967603,17.483742312670792,1
6.880681102184619,212.62091514350155,1.9666395184198235,17.08868573577203,1
5.135955768841186,989.5641552824934,8.615554672208551,9.479930384462897,0
6.09782313075726,895.3227014039629,5.58986387850113,4.003354054115174,0
7.825857462325603,330.5485519271287,1.816929446453686,27.960550088399366,1
6.9383697267490305,181.12667765503008,2.0670190669542814,13.006013862001378,1
7.629002934923921,113.11563343055312,1.4926744096630895,23.590111026292615,1
10.218044673091008,1057.1518073021132,11.026974430794944,42.88106352819312,0
9.225324954399335,911.1716918634813,6.140386788126344,42.46682596465797,0
9.421903049951402,556.8312034349264,4.1,35.261576000262586,0
9.427657119628828,914.7535522289169,5.655320422326245,44.131839094867786,0
5.178172850080772,718.3160299737366,4.1,5.067875770269926,0
7.846885029987449,277.76455725917776,1.0064226358838275,27.189190135702184,1
5.2631132293816325,790.7676112060057,4.1,3.1531990549498383,0
7.305394886132424,182.24893829661852,0.9041736622867605,24.372216201132083,1
7.809249630907863,240.91996602894892,0.7817434090630629,18.295346946067166,1
6.4,938.7395910026289,8.430892501964593,4.225893947532545,0
9.087115452265921,869.4726807032249,12.149172195744814,41.383790305744334,0
9.137807417438916,775.9456121348468,5.811026353117639,40.761942317792744,0
7.609028172803856,165.37808931292892,0.9803295406984858,12.092831732491652,1
4.6763879322866435,809.5345789244592,9.231520374459144,2.923721429977125,0
7.110613607051259,104.88292643720305,2.579915457095843,15.718696742987934,1
9.643959810623,693.9978482440068,6.782790495103245,45.81659725716574,0
6.981327966165094,242.74919189091065,1.937722833815052,19.44405978373329,1
5.546731738848025,948.7021340669194,12.860476054870123,4.933050379346188,0
7.3924036926946854,295.58102895015503,0.4928959292601913,26.10824170749207,1
6.9289020117900595,301.80561303428556,0.5137566281166329,30.594825175748205,1
6.4,812.4358459624575,4.1,5.952530034513112,0
8.455099413463998,284.80717919269324,3.0113848082223043,22.897680153529002,1
7.323928284090811,267.581950062536,0.0,21.205723252476158,1
7.278926282962239,75.57010129270061,0.9435744470988168,22.292877801249862,1
6.271916475848555,861.8832370284101,12.061675577970277,7.18505082935684,0
8.00408181550654,279.6894571928903,0.5743567957216932,20.754131220403195,1
6.963057617739179,244.47531613166737,1.866326647910012,18.61440677688925,1
7.6314723333725185,70.72905700716217,1.8225580705311772,20.96311274798363,1
7.431716599840436,134.03101996521912,1.964552442922989,19.076747497564988,1
7.192594745603044,206.28616237753198,3.0020774475535417,24.641372218250726,1
6.644171013294562,178.5083397352206,1.8836468472950192,23.1325232892781,1
7.528137605044982,174.4922915604215,1.1813797512323654,24.901675308631063,1
6.4,591.1625642271954,8.741869998722757,3.5367334696255175,0
7.396389980655301,172.75210344721108,0.44031864912860263,28.466086618054995,1
4.722508809660312,901.3605189104949,7.360110273103766,5.641012825197276,0
9.806078403477775,714.279552610258,10.474652113186352,38.54034579691181,0
10.116141914755415,1058.7867046211427,8.985604261741845,44.501666036603126,0
4.713165977949912,683.2878904207853,9.649009440464148,8.87476848235877,0
7.349622627939029,112.66998622727179,2.176764972975381,18.92625793238603,1
3.6504984389015576,1039.2267434182213,10.804153237485476,3.7347034971199617,0
7.230321823277491,327.18711825445473,1.189715574627468,19.702053178334896,1
4.453295170783896,912.0561787357908,8.73622922531402,4.361763820604193,0
3.6624220225659583,670.3735132224444,9.920168243098752,5.265856929655002,0
6.903006306984647,210.86875392653255,1.7892032331668357,19.999389275141084,1
4.740815319439538,1235.5108377361544,7.903442147167152,6.388040174121484,0
7.39389312691779,76.40501226585931,2.251050730155143,26.859776427419877,1
8.16136623409531,180.58410017397745,2.7272363614459096,23.778367980292515,1
7.370877744748674,238.34887627435378,1.271346705767972,19.476545957266364,1
4.652212025500647,698.4614459639818,9.005378399220993,8.782910230538441,0
4.100667212190452,701.8808516193137,10.724270894786418,5.304267437728232,0
5.116971837102048,724.0184066918846,10.90065025026723,3.708302023411963,0
7.190852775080447,187.38024134148117,1.9493258860010467,21.969303745261985,1
7.467869019532015,108.71931921978094,0.8713809415728792,15.042299023070887,1
7.241742375009285,198.9356291697092,0.5552763210016505,21.68249543991875,1
6.805709581465782,189.78762547854478,0.7311135474262132,19.496907825072896,1
7.118530499929214,267.1479291385282,2.842081403898286,16.3581303343489,1
8.866730585527515,560.8849343553109,5.09170267013504,41.70992452803035,0
6.820433391670065,242.47154513727594,1.3024315856537398,18.67484841807244,1
6.510032866994787,153.31205389231962,1.8353022003749313,21.144294134595338,1
5.175806467152115,651.7489264981034,12.314086165619786,3.53523450880984,0
6.771966093469539,273.07789856139254,2.258201648862514,14.871539672060685,1
6.9386683069705155,141.34750423120028,1.9496108645078232,18.035635458673546,1
9.955875061986132,632.8797518624509,7.678618348487971,38.09811697634575,0
7.407738605696469,107.7334077435404,2.1288516978428897,27.695815382164668,1
10.527404909319324,519.1367166607661,8.849809850439796,38.82346732815898,0
7.12780803456375,204.46911518755977,2.553543427025831,22.72712493034864,1
7.300080082500678,244.28556248542347,1.597199222701616,13.29780489204972,1
10.044689918077303,598.3037145427368,15.020900647570938,37.34421074921699,0
4.939280971936271,709.843101381307,13.06646657690803,8.292566767167955,0
6.6645576801107005,161.41491432509576,3.0500309597896176,16.885056580722974,1
9.221767111075012,872.8852154270696,15.452432242236007,44.65211731987619,0
9.622638466108803,720.1339954199576,4.1,40.37963908099109,0
10.191216670452716,701.5111775175567,9.015783299347587,40.526179628872335,0
5.045206139543414,1127.0095341238916,10.296929319448086,0.6357974115980758,0
7.196810943473353,173.83861459121832,1.5756098846856506,22.837395429338756,1
7.819002080532025,199.43640116155564,2.85335182340005,24.12320633469092,1
7.158220312585011,241.50969443520978,1.9965876864106233,25.887721373762535,1
9.519677877497097,542.7061012861175,8.062524446413317,42.425979649853936,0
9.602076935998014,975.2091553343857,6.419134569305024,35.1,0
7.106236879873471,341.45354344478267,3.0467239032296645,25.302228299478262,1
8.697597844550968,805.769778958637,11.093128216347985,35.1,0
6.963042430304452,225.83796028941345,2.3880082649532284,21.515915875961742,1
6.574078891455178,307.6118096361932,1.8119745349573466,20.539468248816863,1
7.230992207407545,213.71754540723128,1.5711410374733972,17.27522584228201,1
7.307650776498043,206.62660564144798,0.48925211704837035,24.751608331569592,1
7.453510752372839,199.55517650815435,1.3571091617890987,13.75437830390838,1
7.398272755189042,77.56308722052985,0.8358759133124,22.356792786450285,1
7.379086770324111,274.259655307546,1.4502157964187647,15.179169568895933,1
5.691513197925332,731.0466840252687,10.725335496937317,4.267760621249305,0
7.116311250502189,234.5773352607403,1.7289506624144917,25.934944175614255,1
10.735966886215929,621.8336639738436,9.139500365111257,42.51608129882959,0
7.487016902318385,192.16678028456766,0.5623711575295707,19.452494103174267,1
6.948294642522884,184.78073244694275,2.1142832874159945,21.093351185104,1
5.5601678780150126,915.3840821368585,11.625319967408265,2.7813849350040103,0
7.080064721490048,166.397781816467,1.4866144741024048,22.07716352149577,1
7.448882857617361,88.6433295238615,1.4275760471071537,21.75289575091776,1
4.510787358369316,695.5931420316488,12.546190247790777,6.802287261058449,0
5.188253734787709,822.0069647865698,4.1,1.1643346764039535,0
6.740923444073733,266.68825638698786,1.396965074462392,22.17563320750863,1
5.07793387445145,999.2776851286019,6.38081960554469,6.183823812489177,0
7.129774421800314,263.8280561105711,2.7340857567761794,25.09550869377129,1
8.03534988191229,308.08583139305114,1.571851869977765,13.589597232315912,1
7.695313228573454,238.45956638143872,2.3660265602023065,20.63863806846839,1
7.4052423192704335,280.57257604773355,1.3795710485141692,21.227379100601684,1
10.845157503644346,939.1491584945286,9.911999123816578,36.024647182424715,0
5.225266724068668,1076.684815711195,4.1,7.917959633663678,0
7.946309804457902,101.0058689421942,1.3890236153084803,23.251288947067387,1
7.417391751468037,219.18861966794373,1.9379092155725004,23.426670428999387,1
7.2778429820948976,201.550499015842,1.81090161976108,27.39477279458205,1
7.251688472790091,258.7710036367464,1.4988000924316551,23.627390540559134,1
6.598742818752758,197.19939119950112,1.0313941604565566,22.254809439063084,1
6.598811868641938,243.47126622974477,2.094709171732632,17.71871780539265,1
9.379342548127635,501.0,4.1,37.682158201450534,0
7.012919519475243,104.86140279382967,2.6239338827955825,22.862675083734473,1
9.075291265141848,969.9640730637813,7.07201452167711,39.07354734341815,0
8.650774715799875,581.0615911945257,11.003978404398776,41.374125398525685,0
9.627972188539173,1334.135074972613,13.369372310925202,43.7801623356357,0
9.833271265991316,812.6035317798458,4.254254932700706,46.767974753312586,0
7.195101290861234,273.1017297108468,2.4227379470638177,27.642769281683577,1
7.549755672285091,201.55666044151064,1.2982907786422175,19.295717138825562,1
7.051796760563988,151.39449665763553,0.0,26.587851473020677,1
7.384869066432778,196.69658503941739,1.2129794119227624,20.879555968999973,1
7.952809798590014,50.0,1.7557759693475985,22.728682510848408,1
6.796107718116025,212.64713802585476,1.037416034932898,24.000451318483467,1
7.939443533318565,128.5187925984576,1.8034937221343155,23.038382586795816,1
10.337564969845113,957.4547389632445,4.1,40.8178703081466,0
4.001069260189898,773.1693346015189,9.25302530195588,5.09577756535043,0
7.011163768921149,303.41962316145657,1.82738307270122,20.857253807630947,1
9.754522572398573,816.077007752731,4.71196385638684,45.79956421588242,0
9.001905377202002,976.7966320939336,7.396676614131721,39.715029807217704,0
8.252952825934956,50.0,0.0,26.186850855103053,1
7.23973292217169,302.3614935808127,0.0,21.197259126498682,1
5.0764860352900625,808.2359033897869,6.0000644211260665,7.165249842004421,0
7.194601110104826,236.2806970043574,1.851749787290503,23.956713402551173,1
7.108180537855861,73.55168473526648,3.068648589344055,19.712388600760303,1
8.100974322137724,161.80714350457595,0.9574685258886322,19.50931293379047,1
7.4070636081876495,120.38812145172965,0.7990797420614232,24.289885647118943,1
7.683346492237257,286.1478515726144,2.9871893608803095,22.34881996814907,1
4.961344257012525,671.9539009063972,12.828624971115108,7.108366329274615,0
4.680743568605525,925.4656240547619,4.966888609862808,1.6919289994785953,0
7.017079337965284,179.6838634882212,0.35451788655546057,17.352994799294354,1
7.444234298113529,106.2212997250688,1.314085156716312,23.29298875013425,1
3.852335311276521,930.4160474709815,6.773311475031513,2.393996156370391,0
6.547810702513944,80.41950828402847,1.8918799141796419,17.196724000659838,1
7.47183909957387,196.87843844979648,1.0578439328404494,22.078183379192726,1
7.388566222554561,247.30793934067202,1.2951201787173061,20.460831905583717,1
6.5,287.3685427185941,2.085538896575459,23.123713987791305,1
9.56764125427616,881.7369524550817,7.616009074359814,43.960640627438416,0
7.24811825268476,182.20200825773878,1.1935838743169729,20.442385753898492,1
6.8441942281497905,124.34031514425752,0.8812008002774916,17.605282506262462,1
7.534276844826057,226.46810436924622,1.696031739888183,23.314576103219235,1
6.699836906412113,208.5735932207677,1.9360608212893156,25.982106766696457,1
7.9982669959135855,179.41599995057683,2.0820492068521634,18.028525178485207,1
7.460454496729463,255.32948600971108,1.8692365831194113,21.008335897027965,1
6.74980438108065,231.66558248767384,3.0376522384852676,14.507039552723391,1
6.839179378256996,240.13480361350304,1.0247137574758076,18.034662431062998,1
6.567523719187147,314.1844291431373,2.6474795617192264,19.4394139796252,1
5.184367904502107,743.5845886247303,7.388349593060436,5.479593667483978,0
8.116377029036297,238.38616282934663,1.4599107124245285,21.324861050336203,1
11.214455239004106,784.5639447772608,10.53905427861806,43.495978110900445,0
4.342970892741713,625.9673684440196,5.562855935929884,-1.0210450326270335,0
6.207392015862,501.0,8.579152408874345,3.6485769396826155,0
7.083275492433782,205.427081113355,1.66481905657778,21.186726858329973,1
7.013875817287979,322.7585681435612,1.3777464380228606,17.336103257278154,1
6.4,645.498278721568,6.533668865259779,4.27519513262384,0
7.680485568865578,276.6708655873634,1.4847002767905135,23.880054644986647,1
5.213709037169385,528.6909895426923,9.562033301240222,8.38090533917168,0
9.415614030281045,535.0277392299522,7.779580836307346,45.469916201635186,0
7.556079364449915,93.5435894935259,1.0875223884434526,24.420532063035797,1
6.956086838272247,302.70534878828494,1.2858318979278855,22.370972263118208,1
7.318630218056305,140.76079149342732,0.5705409285643984,27.97571257456879,1
7.344601410082441,207.43833972235277,0.9227447617965188,21.059340486995612,1
10.1609404960799,769.9303267427466,14.288483828152852,44.54747430827764,0
6.100985576508458,898.3628802175925,7.504752012887042,7.647521076024535,0
7.140958965480532,129.7220958926352,1.1918077542044374,25.26237697838465,1
10.139436882350187,501.0,7.137923377551097,38.787339155968816,0
6.980177145636568,50.0,2.888592894835126,19.62880306728541,1
9.514282881388793,890.5525175696131,10.468577668350054,40.123524151432896,0
7.24168044158075,161.26608390010102,1.3821062015797831,24.560106473537317,1
6.758716653711327,132.4540770253543,0.6803525743347825,19.992032159275183,1
6.714324554884907,238.01341971963052,0.5110919687696107,23.447657082922106,1
7.358321413374964,214.50009300816404,1.7792945102511868,24.547480633581614,1
4.803754011049758,1077.5691940691947,12.497036204700645,2.636212051256021,0
9.166868306819605,919.4945867793522,12.822213649470287,42.81307811791134,0
4.84757984830397,984.4346913014173,6.164260842074538,5.037555446775894,0
6.724133336363856,277.62529614306254,1.7933355143274219,22.406623046264116,1
7.580123036789431,90.79825636586918,1.6470058156158123,20.35031972060037,1
7.1921448804293275,287.78401500349673,1.8151089437626533,23.090071960918372,1
6.883810217821876,90.17124388151488,0.0,23.449799526378108,1
7.788468130997444,279.5557900407126,1.8293380972903746,22.57362384428522,1
7.12506839263745,225.70331766059104,1.0460715599866037,19.50561247866944,1
6.812662218054546,194.95015895110015,0.0824720604266791,30.467212219855412,1
7.449647926820862,112.62690938255282,2.474427126110964,22.901078888060187,1
7.107626187916529,262.6298987958858,2.274362091201978,23.259887486221327,1
7.258685474573329,256.8439281838228,0.7120415225395906,20.918918529301564,1
4.178631606571787,977.7880011186074,5.703556338673743,4.169099033922501,0
6.742798034907807,216.60826811205007,1.468775427471899,15.569434757907214,1
7.202568907924375,102.4572426782245,2.2419651188336633,23.89334670221987,1
8.847725550207945,955.7365491451579,12.266775525728981,43.74815270834814,0
9.720378377219381,560.7320201579577,9.18713459725086,39.40029081288896,0
9.783303916417545,931.3611657018961,9.038103232732405,44.96585495499015,0
10.155097428027151,971.3330239738813,11.342247308406316,42.76596570279039,0
7.5615739364344785,50.0,1.4286093417844254,25.34133374145934,1
4.329135472414798,725.8973286812261,4.1,7.757822486003365,0
6.974090398331623,237.51824625187743,2.3251904108179504,16.06408376213033,1
7.38750970243001,246.74513331482478,1.8293568931649897,23.79365299791644,1
9.40399936486929,501.0,11.96721297443519,35.27186040835927,0
8.056908143444746,262.68717318388855,1.5228471856836099,22.259165400493526,1
6.5,193.5163228222605,1.9512828622989633,21.271838275657377,1
9.031496509376947,854.9027974986567,5.851416459160021,52.1829117833604,0
6.985868725618431,206.5022737644959,2.409404874383367,21.019310312594456,1
7.2761998719116265,294.74053161569384,2.324893522294604,24.995744455223708,1
7.367812977562811,260.5251739930512,1.6367822548983242,26.61165302481924,1
6.842157079112199,264.8638916473368,0.5866281766969356,21.180270103033568,1
6.980692482029969,219.45077241107913,2.8083465525747826,23.874125027620497,1
6.566438870605711,245.4482564102917,2.5921788706716518,17.94925774652603,1
10.045122141829033,858.7494703347998,5.226774295310006,40.28386965647662,0
9.783997269762121,679.0649636736161,7.915627028174497,36.430778112994915,0
6.7283840835360795,117.03471411440032,2.1960460638707966,15.691086516321997,1
10.222425143629904,972.0301591745092,6.869673590786434,49.59689091475977,0
7.16692772566292,185.76656993564814,0.6759415077841527,22.661966256532562,1
7.869380836119415,131.8768016176545,2.446653782148305,23.520269762295328,1
7.310950775183277,141.19065594203295,1.1043188825527175,15.504328629720131,1
9.880596186350754,742.1019839132761,13.051916090208014,38.935710026627966,0
7.129645675027065,179.77893959230516,0.29315673239237516,28.315780370871902,1
7.310676319732008,119.82263848586202,1.7362374523084794,26.419988807217656,1
7.109408443239389,193.64892604754377,2.0986410554237835,26.038343871564777,1
9.75860510807948,1133.8493884753,11.577432207522715,40.008306886556234,0
7.890785540493362,132.3876833259073,1.1088429267805298,16.649303255649265,1
9.60163811052873,955.2174745725129,6.2640468376386345,43.459829312289536,0
7.105272557303997,158.04414909898784,0.662334085400923,23.07621077206283,1
4.777132220994628,1007.7455799829825,8.736555329982082,5.287474875641713,0
3.911981138951524,975.2425158643326,5.492180671500474,5.9849669694892444,0
7.055613533672368,242.66873957643594,1.831201817287451,23.938938591875697,1
7.598743509386323,215.47035615393273,0.8091400844489103,23.874094411275344,1
7.557038935319724,179.4443899902575,1.0947110460420666,21.424000089193356,1
7.037185474829288,214.39314956371334,2.6311107430856193,22.653790986469907,1
7.445109562025028,176.46059954908338,0.14552511793167033,24.25164264114034,1
7.736180178409258,186.37934025632757,2.289451618978152,20.17911767646918,1
3.8575462591156437,501.0,7.979964280841983,4.017551170765774,0
7.1474109617313335,195.43670665176467,1.6103441909086609,21.251337808544555,1
7.177766131635818,208.9098081472042,2.1737520200600713,24.5429061057622,1
4.679954052893979,924.1866791227983,4.1,6.429633376960145,0
5.6952250204246715,687.2893637502598,7.573142922664556,6.553843709520383,0
7.294245823243426,133.4436066004439,1.0740542673881588,15.5589475248328,1
7.158711298827002,92.71482293587451,2.1969856280592532,26.028471293649492,1
10.08364535869189,667.4965707386519,7.189123047126515,39.73317672864578,0
7.271957660461392,222.26789077157358,1.7201112136123968,16.322462576815838,1
7.436261932276924,211.4439015903162,1.0567091067028092,23.023908585675084,1
5.9383741593314125,857.4440690350559,12.305196236006335,5.289255267579088,0
7.1922321576449075,116.31031319499967,1.2170899883644881,19.92746377333257,1
6.82066079831032,81.71624504009608,2.6647903958656696,19.486229243378617,1
7.555852318249375,190.1016842980131,0.4631979927647991,22.007214025425657,1
5.214533559857579,584.6366052745888,6.920922002897529,4.8380241811956655,0
7.304128735508488,188.67793973064414,1.8812076805555396,19.864621424740328,1
7.406019074522419,272.03188707160507,1.455708228072159,22.989085808435025,1
7.53984083880841,227.04187848813666,1.8053649933607385,23.628361533595328,1
7.6202617584030445,116.81547751784926,1.9810669152767018,17.508341290209717,1
7.019163866866768,231.94540813753048,0.815214045513632,24.31006781842885,1
7.099058599149485,132.8885860779411,1.4658191148464077,19.31233075814004,1
7.267744329614431,195.2139085176077,1.3970023466301251,25.05467259887598,1
7.283353123179021,64.86535696261907,1.9116536726174822,27.734500079283784,1
9.809231196194109,783.3335598751306,12.824231406360642,53.98511959100593,0
7.319501163346275,291.6822060010732,1.6139576326699387,23.494613622484593,1
7.136024588014629,206.17251969741733,2.0141337215008526,22.67292216473478,1
9.148171811342458,1031.1465424241785,7.927485720925374,45.34522371235266,0
7.7442634383354605,185.12604152409835,0.23160746370656216,25.052569202838626,1
4.675991142839442,855.6409192041959,6.671848791403473,3.4330237433082518,0
7.413851634448974,83.92576871110207,1.6268777638415353,24.034141270508524,1
5.814025139144501,643.4266979405018,10.02189545513015,4.668076537054151,0
7.585551646717964,222.1265204472839,1.6124549582471817,19.868654924880303,1
7.509853621371735,314.9068324564783,1.2680533906385056,20.993792399263455,1
7.941637026533676,128.17359468594964,1.9690347702708666,30.469296577483814,1
7.185185281180635,296.19609983864575,0.7867910300532854,20.77015639993943,1
8.6,501.0,5.544425583049804,40.87916835254535,0
7.217440978548981,201.21463540323464,2.123940731123673,26.949858366934155,1
9.96928553352997,756.094683510572,7.349854965840718,35.1,0
6.929231199877616,176.9161043299436,1.2458078472280454,21.716378549890525,1
5.124196841646623,767.097093640766,11.493427541150018,3.337357181748768,0
9.932635578647274,1276.077549232898,4.1,49.513638403996424,0
9.709107539133099,953.4100436985419,4.337148287003388,39.954174653930295,0
6.740694684498953,289.48399554042606,1.4713577253634518,28.120742495186242,1
6.681553334300043,355.37964758050396,1.2906516403389616,26.446525896564207,1
6.5,173.6408559825611,0.1070376111252127,22.44792773048503,1
7.458878375881096,50.0,0.8123730094062569,19.834803620151042,1
6.5,152.80841948296873,1.4553783001472236,23.22034161882701,1
7.77662744826316,113.80991384121934,1.3757556813580019,19.724492099210522,1
7.460929151365368,256.05604896964667,1.5085187775980335,23.8032493453272,1
7.164654816317866,114.86239945461209,0.1451990282003357,20.655733213977037,1
9.285083588426073,1031.4843891987653,9.961593513927134,36.56466243532541,0
6.959317355108241,50.0,0.35625392865849914,21.951903884347246,1
7.126406665458928,246.61900665390914,2.3380176190734976,20.801802355203233,1
9.68006547563878,916.2746118677848,6.088923170381418,38.66388381556676,0
9.502728922140657,671.0984596248657,7.75266212255254,51.35857312157919,0
5.407010664839444,751.1569919648662,7.928468695591651,3.7135031375748655,0
8.022482851976129,228.02961731090707,1.2714249032258003,21.839181061854482,1
7.088095932601666,147.86599022748675,2.346307139230698,19.344667588697238,1
7.851446218228517,245.89955368035305,0.558265158809331,22.457904235275116,1
7.629191219106405,321.2355846681798,1.4470302491400555,27.147789144465676,1
7.299753473484302,280.7577430876775,1.0194228727923618,19.128587142583857,1
9.949122286428114,667.6620258067361,7.276837356218107,44.75339661312519,0
9.954643698346846,696.6581781140229,9.266043078232082,35.99678133839453,0
8.63163659111778,734.111779055033,11.259591673696466,38.82602258947879,0
9.669764393702108,887.4035244146837,4.1,46.27998645153273,0
7.099384445582202,309.0701210830672,0.7833708366045046,16.53681628779622,1
9.86667400358909,501.0,6.315203970869393,42.22103087440226,0
7.42759323167411,316.2620380834036,0.8468257459690236,15.977008797743334,1
7.71138074504292,124.5953595366499,1.173667971637644,21.834035581690483,1
4.613217492004498,1165.7949512508706,6.144809441118042,8.024469821331197,0
5.434671677599239,759.6107862493963,5.963887603665166,6.820984263887391,0
7.277643052381343,149.48503780134533,0.22958131936301585,22.113281054711056,1
6.8544036921280735,195.11968225156932,1.843988929448869,24.908685038135797,1
4.8618989175932175,984.3873202570712,7.498591747511492,6.785681108638593,0
7.392988966097274,173.5368620537954,2.8670421677426576,23.335860598704762,1
7.494737558836974,263.3487448310454,1.7541029993642538,31.199876497545894,1
7.299723438256692,172.543525852557,2.721017780320178,24.054437177660887,1
7.438062810174766,127.67453682111997,1.4946177029950414,20.37555857190639,1
4.933271412202751,749.2719092214996,6.170291879152393,5.72716854769238,0
6.732033265715885,182.49069986114995,0.9847554425720401,14.72379593878981,1
7.243423882310609,139.29877936517,1.4455249947044688,19.260015399494428,1
6.8144964295157555,153.08678808889812,1.5712518335951293,23.91539029287094,1
7.455220440576303,266.16923428526144,1.3515372310557021,16.254590171843358,1
7.148584995424428,135.489845670556,1.4559742931700992,16.881408606603028,1
6.9947145734113665,241.54869965103103,1.3881760514058894,23.956847298657205,1
9.917027725924685,1162.9298334646155,4.1,43.266212111820714,0
6.761489965241919,231.07005833841347,1.91274746195018,17.322738939654123,1
7.045147740084194,210.73331327966747,1.7919667270962722,12.46895059170774,1
6.608591203853029,257.16878325092944,1.5767001060545007,20.793894816922613,1
6.695934093930968,130.4570410409085,2.1483802437590747,17.845836571856978,1
7.953834522373844,88.97051596353585,2.2111560564944894,19.747675691790505,1
9.628342615445739,864.6904728520781,13.391049549493863,44.001530465774096,0
6.957753784105255,223.62239524966947,1.9007117143085712,21.312758144789303,1
6.8627013618735235,219.96385516784616,1.47881585968211,25.731581420775235,1
4.482777216418788,551.3275478640219,4.276102181777129,8.307270432059717,0
7.711070728759404,133.43509561201148,1.7320296274316267,20.381445919836214,1
9.300649108758405,548.9701865589684,10.47225974163279,40.36196236953944,0
7.800533460782195,169.20456892719352,1.9896249728269915,18.99990927373713,1
6.797382973888144,219.6866892253127,2.031851065867154,24.691027148797687,1
6.993582108713051,71.97831163970321,0.8651679876945574,24.012929538129985,1
6.75865335753045,320.73048107236406,2.104406096132915,19.65322164495251,1
7.127843327295037,183.94885609396545,1.4987198688091297,25.05561163430258,1
6.879984574240941,294.8916379233839,1.0102794339083454,20.769690441745023,1
7.467336195487232,50.0,0.8153838835342023,22.126356024610313,1
6.976679298421588,184.50356961560303,0.922295627418395,21.720592527265428,1
7.706764459674649,129.51453306709664,2.4728348937624487,18.656518977526776,1
9.700714829683731,501.0,5.99190128264374,50.29635332109595,0
7.935273470718049,201.54752566494034,1.616545188980587,17.566011636812867,1
6.5,290.2224200507119,2.0187516464776003,18.58150143297974,1
9.200175244274535,694.3098004199219,5.627979080232216,47.31286002866681,0
7.178282053392875,217.01918206861282,0.8443855956294506,21.884733593645507,1
7.019994856801675,333.7078060349981,1.8953433850199053,19.241377980396223,1
7.453888587424708,253.30157376348185,1.0400753340878732,20.314068011334548,1
7.846233129419293,309.91315081691596,1.332873178555596,19.084839214490465,1
4.805274820163905,501.0,6.145903778281826,2.900172909260945,0
6.675265507059937,280.47396094371334,2.577438040122435,25.66161188193975,1
7.167390930759342,257.9309247451598,2.054897712413565,26.945958048736706,1
7.121064631877069,124.84294064112139,2.2211747857786968,24.54098214641583,1
7.554916334906697,198.30041765790062,1.2332036123286068,21.435401310628777,1
3.5506881223052904,822.8465289004712,10.002149309421705,9.095303807793698,0
6.731954789576257,50.0,0.8591660796367953,22.564457986822372,1
4.724292130393475,730.6053093789766,7.4839059136529915,4.458926525677467,0
7.2240920839764104,175.9312202287339,1.8364107308993989,26.24866979035464,1
5.295241638871975,596.0062562464623,4.1,7.157303891919452,0
6.790244943466284,293.8205476213956,1.7158044445471747,18.934134275920847,1
7.254614132433095,157.38196014264773,1.258427132226567,20.562858782774335,1
6.52662472311162,145.4895811944341,1.0925570661348913,16.645105175457708,1
6.807005042584676,387.9260629360606,0.05428805747157295,16.891661750675524,1
5.647633510602352,757.968879161825,4.1,4.252558259019133,0
6.864312990710944,155.55625764105068,1.5521567156787408,21.265838711934137,1
7.389879293151981,162.83351375075054,0.8193912286856158,24.85550977636055,1
7.076181424274404,174.79306150447132,0.7443270034837728,18.81205332474449,1
7.386668392786433,142.6741209260716,0.8430730259812406,20.39075990898911,1
6.985614621954381,216.84806714381133,0.6000806201630595,20.25978959905656,1
7.320189743844331,143.53812135237078,2.092282928507154,23.31929224347404,1
4.0955836351736306,906.8937070137022,6.331842327561789,3.8621902938211505,0
7.147942778252927,385.60325776138075,1.4257365552610057,17.6072544648874,1
9.127878316522214,927.2471656860648,7.135907781682337,47.7711740244988,0
6.990191893488091,214.29557734483805,2.000622073089641,25.9509140636984,1
4.066232411508513,844.9198953416519,10.99491370573515,4.783330305261412,0
5.984516643342409,769.3838991037195,13.705297126104632,5.9135415554009185,0
6.883032031600016,56.34854618959881,1.3793375297824366,26.443012689658566,1
9.340928683669286,719.1443511575842,4.1,42.75342114425957,0
9.896068699572735,918.0540622150645,5.869187305064276,42.35615698729507,0
7.139285961985767,173.59039248268397,0.7718609023311689,23.713411655085796,1
7.0104642611716335,218.1996700585643,1.9091668362862042,27.263287360064894,1
7.219909474872384,135.8777927916367,0.5529938777251729,19.102545472786158,1
7.270084567563405,140.3246298819519,1.3364751273119941,27.265379350078078,1
6.740482385936538,98.97841794411488,2.0470480676224425,22.045479635193978,1
7.645728677867549,198.8583717640489,0.8374564428081004,17.656147317033174,1
4.073829660846984,935.2207276594299,11.075403813672743,4.8272300312970025,0
9.51903900969823,705.8020379471993,7.81245869546837,43.735331361001386,0
6.5,114.45964049959359,2.04431724325459,20.280034365540644,1
7.302411893725551,163.37212910540086,2.0681939001292857,23.67405823662822,1
8.632133031526186,888.9749833354247,8.165691309443334,45.469127064280094,0
6.869801121282996,90.73406756676489,1.9836376701745349,27.565831867823768,1
6.9573198820938815,232.7550824513802,1.19461587747398,15.452792542756834,1
6.901368661383905,186.86064119743745,2.597963289830788,24.90848992594197,1
5.408540910287046,501.0,5.343042806740204,3.0001059464132354,0
9.0574856838686,861.7350588111233,7.091676364623385,41.902617673493275,0
7.3908163308892485,143.62172515112928,0.8442433355284321,17.53419657926381,1
7.895559865519032,325.8987373244085,1.4381386987315228,24.942620574565474,1
7.0432967403824716,238.420840112474,1.7340289381874523,18.50886018588943,1
9.12610744781701,827.629511273515,12.028242809950298,41.47499248547939,0
9.234955206997565,871.4940371697448,4.1,42.570845417440644,0
9.416878963839585,691.9428944208634,6.582497320745286,42.82549775746613,0
10.527047791461822,770.3433724145194,4.1,45.29512976010548,0
4.798117214407288,677.3492370699857,11.049929621947648,5.344839704182799,0
6.5897374741719625,270.49173766506954,1.6754397624723114,18.0570678662901,1
6.849752698646097,185.34796231573642,1.4534857172833808,22.26356643440896,1
9.7629720903124,501.0,12.107343103024252,41.440416574003976,0
3.577437817947322,951.3284930213875,10.89121363151932,6.549829109827974,0
7.355663678267172,281.84452442017914,1.0672774705298818,23.84532285214169,1
4.754883658330784,677.6464275614561,4.756671956527661,6.6022571678239075,0
7.498002125150912,212.90396341301562,1.774937854135787,23.23621775241715,1
9.256707165149674,1029.895412165706,4.1,41.91987504793191,0
6.764146785063045,260.84048956673143,1.6765363979640007,24.03954899168478,1
10.092149715578362,799.9736627546124,6.094215846324174,41.34964579358234,0
9.051833333514002,719.1075424151793,7.179180330397493,48.34390294206921,0
7.624083962999552,257.25873929366725,1.2713703535371512,18.48751318557819,1
7.190258163095607,51.85258147402732,1.1102548590096437,27.444026819079095,1
7.677643761218949,282.15156946063314,2.064673481515054,20.76713628735668,1
9.927313655275352,1195.1410202460147,8.167219319979104,40.4063055021126,0
8.806356743284567,976.1613706968444,4.617487258740511,45.56402402477431,0
5.1753633501068705,651.0487686431222,4.1,6.693444677541687,0
10.033733925535342,691.5832889904242,6.724421140181347,41.64942927960985,0
7.242572091076759,99.37054752728898,0.8531560348612542,27.09708903493748,1
5.754527360800133,782.9162334333867,4.518989431699546,3.5596741926403617,0
6.786990438588984,172.81927938819808,1.8565067265494055,21.16144002632335,1
3.410151816218857,1098.388611832328,4.1,9.223226436835946,0
10.063119094218191,1166.8862666280174,11.35256164632382,47.92347898940501,0
4.936482894891605,741.2866326818228,4.364695377531907,4.681282850487071,0
7.006445666378272,255.69343977274312,0.9022469640779609,23.833271756501766,1
7.026976724872152,209.8462561324945,2.278470433454937,24.935801913456952,1
7.2277377348145,224.91926870382318,1.4736190154804334,21.157860238588032,1
6.934839632979621,50.0,2.5427195866133543,15.969788221466317,1
7.285317482949176,98.06143047385639,1.8993411316045015,21.15244187520703,1
6.763226439841875,280.8219669468813,1.2508455580391205,27.863343914411853,1
6.97055929084124,204.01821593325442,1.4142948071768218,16.627162437664396,1
6.743324354346598,105.04052893554044,2.7214029846364456,18.15143508723846,1
6.778527032341459,136.72945666443476,3.3972321510344248,28.033242994990204,1
7.06619950566362,261.75361238693404,1.8484518165924442,18.946138786763555,1
6.541840501217243,53.09121729836821,0.5623574434299389,21.59177443748461,1
5.416635444554203,642.1295268194846,5.8062170800188655,6.628679629135746,0
7.8529645215726545,129.7341538256209,1.5513357213446957,21.01232669004218,1
6.9856794147790815,309.05831801058,1.8980512312089393,20.18696189621183,1
7.260167562057431,330.3713704890239,2.2428793809584824,20.875185618388933,1
6.721517350367732,157.65343100413034,3.171577393867312,18.847694984385313,1
7.1828706474753705,139.69103090472308,2.8551027179764232,31.332065673010753,1
7.017551669010325,60.222266642779545,1.9755056739876444,28.415464269071464,1
6.896687172444964,173.48549029747977,1.7058574271552498,28.913317522265334,1
5.630034659461492,1183.856260028892,10.2928777442613,8.247722824644285,0
4.991248758431931,713.2976357592934,10.007225763489094,3.3921232465456725,0
7.333670566897959,237.43603377054814,1.0205089745993767,21.597216508731293,1
7.525660704847307,254.73305668871637,1.546016362033101,24.815858707176936,1
7.279579258718598,361.80721844555853,1.688168649488508,17.746965253874887,1
10.276677349527947,982.3627187141603,10.3917568956201,50.736186642549455,0
6.184989273298876,1074.827164830022,8.235719662883378,4.045187536804368,0
6.978564703316803,172.21581688337255,1.6942867594454722,21.260492975018938,1
6.879089092311353,285.6488447983349,1.7449466006745746,27.51257072199045,1
6.939164444562776,308.735159533122,1.6294010578422553,10.132987725037077,1
7.665265500861984,270.5126023138857,1.4356220736578673,17.995961822068743,1
7.219408651177931,240.01923755492558,0.643745838956649,20.38518626400837,1
7.767841201805455,165.69216595151414,1.1971537385665303,32.85926775794529,1
9.35225959304961,937.6694074076039,8.052242746994693,44.858043554035575,0
7.752581631476195,149.34148826280182,2.479592548657718,19.14548442718213,1
7.044919376025606,141.72307026557257,2.2214618657690917,21.880934046654392,1
4.042787961479253,826.9879060326499,10.495199415044532,4.185936346107882,0
7.458193672456431,246.87233609317192,0.8982705402850821,26.247266583958925,1
7.4963297381680505,189.26558314584602,0.8777982113750278,21.53404658947586,1
4.966185601252166,944.3842504816744,10.74658937517423,7.634117355934729,0
7.712406544694045,141.3624880700993,1.8443954407855472,19.14383302489018,1
6.96615290773712,127.14839302540082,1.2895279476894221,18.554847590456397,1
7.109406360460067,239.7120094187153,1.623538928564067,14.43186571005732,1
7.293685893014609,168.1953787606623,0.676348539269963,26.218482513949272,1
7.329087424135236,236.6534491830959,0.11262485998290073,20.41981259132173,1
7.525406886947868,237.87775192281828,1.5306801596222999,19.555995503641483,1
7.451851536769445,290.98516338917835,1.089945093585917,17.747854908585126,1
7.5654338504933,119.55188994484274,2.4196475236002652,23.096155362597212,1
6.941225288917771,237.81042766747245,1.3363931595037921,22.441672187784476,1
6.5,217.0059224505772,1.1393803706355876,16.963740354207225,1
7.548982931312058,298.417774052063,2.1753389260117117,29.206113631328744,1
9.85056560035646,741.481050018478,6.848169133809623,38.97930856624191,0
9.424350480115146,611.2118713335126,12.803356056917806,35.1,0
7.2488039258581445,199.11263968411183,1.3631691494898184,18.570230281811135,1
7.103496938152583,189.70724429183554,1.29021276033498,19.174097996936815,1
7.511864212907736,218.62944699415186,0.8686051453897619,24.43895089334682,1
6.565606675104817,122.17883865919993,0.5696946539435863,27.012232840975656,1
6.996743920941076,198.63951404129352,0.11071844098786299,22.88336708116141,1
7.207659110966301,173.0483898571889,2.9541404076989672,29.109179072121815,1
7.682603586603343,234.34726582413873,1.471096046750737,28.45147348282851,1
4.015217202555792,769.2429669707617,8.884804205330408,4.8185064853217545,0
5.391191624528036,1095.348734157658,4.1,4.838077150526453,0
7.674281661865199,129.65737740704094,1.423095113828645,26.79347427749384,1
5.0578761738553455,996.9139691914397,12.060305188723252,3.819948061818357,0
5.75675276851155,977.3905214946343,6.508597928390191,7.823093410984871,0
9.408640769092836,501.0,8.832437724012397,45.21496577366667,0
7.898945279166224,268.65112567472124,2.235542003330479,20.036204201072536,1
6.913271071758878,152.87102937750984,1.6520455562698806,21.61950048978612,1
7.420020839609821,166.669975550763,1.301793680584087,22.934380325046305,1
8.164670670231368,168.48106550055036,1.188537526373323,28.8492187497504,1
7.200211183542639,120.51283875247711,1.0118450404586805,25.555950996734573,1
9.464769829767002,728.6915142714429,6.251211513202198,42.38051208234294,0
4.829824066455265,658.3627677280836,4.1,3.9233010849780463,0
7.303020156289106,236.0482730290031,1.8739455036622723,28.129521530350488,1
9.0191187896134,1034.7801863148416,6.005100466040011,40.31924998641124,0
7.175198396253587,202.75002472211682,1.7350930853040483,21.991015192971517,1
9.850110955641144,987.597920058268,4.1,46.594023233511784,0
7.3325053725614255,103.8280379139129,3.3494083373448342,16.071074305290765,1
7.2348188272952685,262.01243952278264,0.605153159838373,20.656856244081002,1
7.1841779384573385,186.85318352916872,2.577399642067455,21.79396322498429,1
7.239070439419533,232.0385109205063,0.9253847543132193,25.900802166739066,1
8.6,638.5444459979259,8.394846119818226,35.1,0
7.632312290221849,155.955845463321,1.2051608283709607,22.81577543006398,1
7.018700636390795,206.76147806522619,1.8082477957145395,10.212383122863942,1
7.466369700821785,147.46485234980696,2.1047464849737123,21.385997217720863,1
4.6839464750982325,1090.2750922140763,5.7918043443780505,5.278830318692813,0
5.2921448322421165,1219.9505095991979,6.749301091641833,4.541819793233692,0
9.663813108664208,838.4384498917391,4.1,46.402406504570564,0
7.669249855034657,117.80771587791912,1.7721732371845993,15.942343750407517,1
7.64387993678249,246.23828189116458,2.1961907650191352,27.08879421700039,1
6.836245018082105,151.02664662761435,1.60342913518009,16.311061993972505,1
7.26394255679896,293.3096436535402,2.6150748672191666,20.475050850908506,1
7.694324648002776,327.11522627552665,1.665230144677059,27.014939144878937,1
5.039673462129269,871.8971879547715,8.326354717582388,6.606632085475658,0
7.0768887060188,86.778624646065,0.02311323156205103,22.873355001768644,1
7.434742837520108,188.84822394694126,2.5712341950480875,24.42205460449666,1
7.080129340797285,172.47488346366188,1.7872682937508244,20.320612016675085,1
7.27057662211089,281.7212314225491,0.7725458852064637,25.304582464162063,1
7.367607603746419,313.9596656997558,1.9542173481326874,20.951065722468577,1
4.482530956665901,914.912343507343,12.006359185105229,5.983559779201382,0
4.8105183607022575,628.2311443402082,4.1,5.572556446163769,0
9.226580772402608,922.0879998633699,11.23654869952689,51.77331271731245,0
6.804563557139633,345.07261588123384,1.2097586438301786,28.035675577067614,1
4.870508187713815,774.841474468334,10.86758181957494,4.533728134909897,0
5.6140072654538375,764.1594691361719,8.758629972547002,5.311050075167313,0
5.337461828928702,806.356780974128,4.1,4.14642705815315,0
7.650173913765908,206.2494188188813,0.18757555516672686,22.946868484105572,1
6.5,211.2786159689648,0.5316614561198728,18.1113511282267,1
6.959830573704518,233.26694690288485,3.030011431705802,28.007516535185275,1
8.6,633.2505518561768,9.992825612771377,38.33945612655815,0
6.59072523808649,173.0890443671091,0.5749109494422644,19.916428384384947,1
9.42039914420668,936.8209981869481,10.615533709622273,37.611517432417195,0
7.795945375440833,209.87838473316754,1.4823679215293644,25.59321019875614,1
9.650087524642261,548.3407229498189,13.57001701375314,36.129478098119144,0
7.422492003760264,195.11394629180992,1.5682038772081122,22.71163356564662,1
4.767975678827046,1155.0074042254932,8.060815676366865,5.15623138496693,0
7.2354630363845756,248.7620836166881,1.067144485969109,17.53949494934605,1
7.791012032422105,194.43741710061846,1.1507089208146217,17.475725480260117,1
7.141199199348605,233.57644866858126,1.4644394479663265,22.347044301850588,1
9.849212567192186,1016.4757422646885,10.721703980172862,45.86670847322355,0
6.949729085001515,142.082821562577,1.8898123056577019,26.333047105177215,1
9.911055423641406,1167.588405998455,7.885491239100715,44.592564168013276,0
7.510962941105805,202.03082223778173,0.6524801613595849,11.789839391917,1
4.821801429478383,1054.3393583045115,13.68672431968568,2.7291116113257536,0
6.797593047400119,288.3101874653006,1.155906642686749,16.217927409018706,1
4.080656318226576,873.0792416472386,7.762804941537883,7.703914610796916,0
6.247345832385881,757.5082549931461,4.1,4.623046362211017,0
7.441806130542147,113.71898069083223,1.9490791514552084,21.674176048888484,1
4.377130362550631,1137.2013899540889,4.1,4.754457148626379,0
4.4293512797758305,617.7659879950311,11.366425201758574,4.292364947575638,0
7.609625010324585,50.0,0.0,26.989214602658713,1
6.872720446631077,73.3129288169936,2.027392231394765,25.110940188991417,1
7.558077288011093,50.0,2.62554054278341,26.003281991073656,1
9.61711020679978,1059.926257060688,7.080855907512928,47.27899119233286,0
5.677416887206595,589.3061931853447,6.282574928565227,3.93049839081817,0
5.388597717964368,989.8514603705819,7.353569851506981,5.926889876232124,0
7.3578686119291925,233.41446017915206,1.2429340994404998,26.63388798589331,1
7.148071720106629,241.5921711623002,0.7154626445126253,25.698887222053685,1
4.93130887936179,904.000876160162,5.775286223319477,5.921917283714604,0
7.327860730367591,156.16757566344518,0.7525941960730184,25.235954436916035,1
4.68927100720898,654.0854133559219,10.952889335591138,5.423584840371569,0
6.930603750302453,348.5317949249564,1.0860236891133668,25.585998680800664,1
5.628813832651367,608.0054961711918,11.369241198021918,5.457698416191815,0
9.860112008452704,531.0026662783182,6.832594712070309,55.92955956997028,0
8.024299169952794,151.41164534302308,0.7040769817967588,23.168595368475195,1
4.02296209231582,747.6865553546929,4.1,7.756714442845098,0
7.831685126202957,238.88290315341095,1.2751886729060082,21.189576908327705,1
6.620794439833503,271.00031739312476,1.6732363833480732,24.62759482527859,1
7.01003853735099,219.4473382128559,1.0821044881053474,25.486897696736545,1
7.177780920441353,223.41723857134826,1.869487544940911,21.58396308910122,1
7.423124122540745,230.67480251229154,0.1374322995487951,25.243655090462784,1
7.574271357258985,295.3365997685652,1.0429348909175435,23.135644234945524,1
7.062723089801036,141.74624792241474,1.8113974762902416,20.6113540703262,1
9.53450175036853,656.4882721599894,4.8757061904063725,40.24196285859066,0
5.323953083052275,510.64857873430697,7.042711897246929,4.685643000139664,0
6.9983280675969315,93.13100766651092,0.9744957658550311,26.37824981845518,1
9.4876322895988,792.269646234535,5.4557992193437475,43.42255991260822,0
10.014783461911376,755.1386344112708,11.327298396430155,39.844101398252135,0
7.108080147769923,100.83501711358083,1.0560076982278805,25.375805602075726,1
6.557369159704528,195.19699666491485,1.8574204832872194,22.072923988548467,1
9.185312894396771,532.8616956613848,6.218812418942774,43.424429498576586,0
7.156156078429668,190.07828900880023,0.7911488909898374,24.09833873219046,1
9.498542424292603,907.1308102704949,9.075663379669463,43.532281603247846,0
8.840861853985029,738.3486740493227,7.518005454875835,39.2328437701239,0
7.9237225398932445,262.9124969596653,2.6319314471651776,23.468799195101553,1
7.269272370340473,77.19678019741123,0.0,17.966267917875417,1
6.886040674767104,267.66422980503427,1.4332612361623223,23.45198281373075,1
9.680953918180494,722.603032224368,8.566011342529995,43.42743081344027,0
6.922837920881637,156.95617932078892,1.235564578734266,23.610064838941284,1
7.025294305104714,227.34601711639732,1.4831096226815186,23.484827053880235,1
7.727039014243184,124.71818394668968,0.0049401058856362035,18.45344332318161,1
7.354723408275682,197.96046971318404,2.6144174290032582,24.414932064760887,1
4.354227458012448,868.9549945184589,9.171452881623004,4.117952358952783,0
7.618035389633902,50.0,1.9645185079925338,24.998792085779478,1
9.557576157220238,908.572744071644,4.1,41.08341578988348,0
7.79077377044731,80.51921773974853,1.450843465597762,25.07175065406615,1
7.046411491219059,268.63190602330747,0.9949016423619795,19.108660819287003,1
7.328542886180109,180.5551040895307,1.447958269169033,23.297382844779694,1
6.710280705484254,347.94897131091045,1.477570340523659,18.041396135342545,1
7.279623878229388,293.6158967357283,2.137151048565322,20.30160733591143,1
7.497676788599975,182.01175553641184,1.8812372021495372,21.694887393041668,1
7.171360299256773,179.60424236771286,2.300378675004687,23.368397926229527,1
10.18554940695596,1329.5768427114176,6.464394796719447,52.3010703631234,0
7.130016097321837,122.07025230269053,1.1803116694837277,29.55050048250402,1
6.5,250.1230690669554,2.401903535752372,25.14050634184022,1
7.474504076149805,309.6428915197371,1.439040691699795,25.755828712939405,1
7.356966386871507,374.807591602889,0.4128753055121257,21.544700910770093,1
8.02963306789999,235.79151496551805,1.2772890488674498,22.141485668354555,1
7.1123597884764544,215.52415548846992,1.1711648749640042,11.018801785310462,1
7.871080325630577,314.80699193777883,1.3200633138308548,26.646012193927902,1
4.479365075945232,1036.5789877755851,4.40850022192931,5.55691757889482,0
7.436725653496551,236.28684188073748,2.7827928682492087,26.65059223474477,1
7.259466982880845,237.84306257281722,1.669261450089024,22.80013514924931,1
7.295761800214151,177.79891049118132,1.5163696502609554,25.316393760073343,1
7.67171887362553,96.58997222781899,1.8440118576260813,22.43104022181017,1
9.546190729499484,840.1851413130491,5.9897282785459,44.711296956242755,0
7.643273126695007,194.9888338138212,1.9432577170805654,18.567135872913493,1
6.916932213752488,143.02233890807594,0.5583532304339783,17.61651675680513,1
6.922836161895739,113.97500855606097,1.9751096484955932,18.020574590129836,1
6.658931885662587,209.1281193781216,1.6798982119100814,19.642306354052437,1
7.336702390310864,134.7026204366428,1.4829210029346904,18.817129345917554,1
5.441344185804776,627.1655841652071,16.18549923588982,7.106139435189824,0
10.463172702860566,1029.5041233264485,6.947141773585736,36.33462413453921,0
7.516250239665108,240.49261243685697,0.20621902894510957,19.643358448044232,1
6.852682907249454,194.9141168651103,2.1600570339280636,23.720571897261486,1
10.13276146070927,569.4196112705234,8.24012380764578,37.02001446519305,0
4.952858916381559,880.4524689328755,10.02830484094974,6.873628633845334,0
7.116753257090984,147.7056687490065,1.2467933147346293,19.62200911029311,1
8.71032741896487,977.6314643486883,4.1,46.99431080164107,0
7.55361815854442,217.5441869760349,2.110951190128727,21.39192437746921,1
7.122469544490879,159.05891536461573,2.4413978218264862,22.306072248974846,1
6.781235606927225,238.98441896359958,1.0589000189003572,21.746787108874653,1
6.98203236527642,222.4807400225445,2.504016768546453,16.86108893433013,1
7.61892708264858,202.712217894587,1.7010907598191989,22.736868918120376,1
7.782328928858707,187.687581842025,2.609146062609941,25.63140953963948,1
8.5,236.09802554548065,1.038175951122224,25.546317971030597,1
9.066714722787252,909.7757031040667,12.679225841851892,50.70429038507217,0
6.5,248.44849861050506,1.4891058377907942,18.995331121504485,1
6.77631459124442,166.91074674962857,1.7351777214084037,24.960502656420978,1
9.576764228625175,685.9849321630693,9.581990238442016,39.59728287196612,0
7.106151772017035,120.14301931908759,0.29442014622973667,19.29578253380478,1
7.147497213163078,187.3355617592269,1.9192974391789848,18.037052325034864,1
7.427906912092881,289.3467020423964,3.3668336556240064,24.602670515168345,1
7.468536030580187,221.14146173165094,1.1848586758339097,23.7656790395718,1
8.6,512.6696415641509,8.855845853502483,48.142332452117714,0
8.229343921299945,211.94907858169512,1.1184389390030867,23.681074116226245,1
7.53189296715167,292.0213916718637,0.3058286335764855,28.082560384068177,1
4.374256436837893,947.1361527519466,8.192146535053105,2.59138213492098,0
7.628060095326571,196.082797531324,3.0468989660239245,22.965636465480188,1
7.855985811748558,98.40011220848993,2.419958602992505,25.736565768934778,1
7.684777594154561,156.83270234102946,3.0354146852018697,24.93770341123867,1
7.385315412047243,120.59375946169416,2.5640642186937708,21.530358798620522,1
7.232798222565425,173.91900033465208,2.008558135635242,25.612232666947733,1
6.750143163264853,167.75392087479753,1.4311831067819367,18.37069376251094,1
6.903011765720781,50.0,2.0710281406564484,29.97649496293776,1
5.419834060401057,579.0663287795787,6.628061280329887,3.3273230006707446,0
6.630417139019942,170.48484487748303,1.89018598979583,26.01346357091658,1
7.304112202633155,155.4295541942215,1.6614982243524739,22.22682659535706,1
6.278918074872888,792.4170643734461,6.599433768800242,1.6407290045867402,0
9.953989878902567,760.7412764508467,14.778806083227435,38.09869637260601,0
9.418543903311882,1061.2560951456405,4.3588634030802496,46.63033796616423,0
4.193589421463457,810.8680588283751,10.715357549508168,2.726257636731169,0
4.817311365873889,1058.7978426583336,8.971517798982351,5.245110313901543,0
8.9286046525018,886.8253963081945,5.835677750509383,47.726083432858296,0
4.102683010773444,608.9835423728346,10.579085153893297,9.9,0
10.135422810537774,1163.6557407485643,6.502975206710632,41.543093697860286,0
5.596685214478862,1263.503246239371,10.161458324762863,5.380565819844843,0
5.495479436347759,887.8971655991529,8.579066398153829,3.8217129090312207,0
6.72669659493369,237.32362491601015,1.0599308270783978,25.451018367810747,1
9.169489059228644,885.5537888701223,11.658293248864318,46.275945266964136,0
7.5115746014048455,104.12863000383638,0.5732342410463062,24.762803557394548,1
7.189078184196028,157.94952528116926,2.7095746847672357,17.937347076480698,1
7.675565348589857,190.8158200992749,2.647272369319883,19.621308051351324,1
7.533333564712123,162.3837328971751,0.9719913071750002,22.60907750323,1
6.522817274321846,199.25691507457475,2.3309543751192288,21.688309057285938,1
5.601637106895064,1068.7093013244103,9.18446006123653,1.6070836911070585,0
7.151620740556887,163.1064214372305,0.0,18.024316283298425,1
3.7606380438817295,908.5008459329031,8.754778421785213,2.414067975192944,0
7.648412266929789,285.68644003222437,2.052352640979937,25.43765701903781,1
7.062914193389292,331.95847154591365,0.7066052871951639,24.93271726969023,1
9.12243780077574,638.5239887431777,6.1755393451387715,38.74729001979215,0
7.228814744513498,120.1354579767156,1.3917452054074166,20.375394333704786,1
6.831730562768254,176.65930941931703,2.451508319555364,21.374362884828788,1
6.5,311.3964753186454,1.2401198405307243,20.666479777569336,1
4.270725298731083,501.0,9.478146258384204,2.997724884229701,0
4.427589787101801,764.9513274071377,11.992411746919586,-0.4829788589547537,0
5.385206104793045,833.1230250193445,16.25968853240962,7.091605831399031,0
9.085428257278297,835.0730481310668,12.376457407569408,38.0890662799895,0
5.515251938365778,1282.3280383577137,10.119562320261881,6.804651522260771,0
8.797070157067267,728.0489966788737,8.946118688382171,46.512458277789236,0
4.227683031893662,693.6448598076726,6.169337922386438,4.5945599411266596,0
7.380948718499893,311.12194903702095,1.5054095252229793,21.167178968040137,1
10.175496952863758,786.6082219369508,11.879444225063814,39.9099543568329,0
7.398685661204493,50.0,0.7201430492368388,25.0616086240534,1
7.280227678892377,216.75760669182182,2.3324585228790498,17.645460627763846,1
9.18807987565637,1078.7849061082145,7.817342069279892,41.86550073755308,0
10.372247774679945,729.8653212682807,5.746929825828428,41.56652923207311,0
6.981502220699007,218.1627583091911,1.7142941871719288,23.999286543895238,1
10.230340166064568,951.5468228419808,8.034781577976114,44.70689686317619,0
9.552271122774608,860.2002467836951,10.845017837987566,38.1743266644519,0
6.4,1056.2990798506826,5.484655247307275,5.496924842262583,0
7.2735398179014785,101.23904012620832,1.4041072956142404,28.392443583007037,1
8.039888715666606,158.88794986809256,1.3454898701291433,24.567516245911076,1
6.514746188363649,240.44713934686996,1.5817811219205287,24.547632316011942,1
9.050563094561335,1013.7409960269235,5.380842320968318,44.44981154726358,0
7.055023623438747,120.66426692477516,1.6653565523849632,16.541294696397834,1
6.0071089645942575,656.291458644192,7.369016681403528,5.265016193684362,0
7.292280362287474,157.66391921507898,0.4360750402667106,12.089975525483933,1
7.23291359571017,168.18562451083167,1.4983417587070345,17.642629449151574,1
7.84488825130217,252.75609928908892,1.6086087400057494,21.599308924852973,1
7.948386070148713,186.18966925673323,1.8688869739546272,26.704043940790825,1
6.848806965297376,269.82594808045076,0.4320998043572415,16.809086497275068,1
9.716060121991884,840.3774388582965,6.19063973532164,46.9805239465855,0
7.306820106347704,169.37462483096252,0.12482477332795283,22.457235012236993,1
7.317423172866652,264.71354155141756,1.0518918802157717,17.166071182923694,1
9.237665609717318,501.0,6.52203544035979,42.63127936356966,0
7.960476274301203,240.56162177082854,0.9164812019235156,19.728768631263577,1
9.62835958639787,1158.3564547226717,5.750999147162259,46.44658953664677,0
6.960242941822392,295.2438875474877,0.49311218324380857,17.730264268158002,1
7.187576426851639,301.68522608056264,1.8243110571639616,20.574291517899685,1
9.209278456828622,984.8196257681578,10.09572644258606,36.70240707652912,0
9.183596200388909,738.6813850643235,12.4535622975461,35.1,0
4.216467409427876,943.6124087674405,5.177192142071344,8.70932426771917,0
7.918084542364929,298.69794226689544,3.3888301851559612,17.70763468654954,1
6.637473014531267,222.3267086676148,1.229721056739701,17.013752135362296,1
7.604585214163342,50.0,3.7104398981310087,24.117199735774676,1
7.530418868576603,294.71899545575116,1.636468564688531,27.10505595149422,1
7.057188319677357,295.46488047417006,1.9987372351036632,26.401571569114918,1
6.954884523806245,170.25136941770677,1.4919394383463485,22.462386954719634,1
5.4371191613338175,666.978525796239,5.352832090764137,4.836115035216337,0
6.2466799681135825,591.4449886487162,6.563923433182426,2.637618118808566,0
7.335041064830081,52.79378043953977,1.303648562611868,20.278289204797137,1
7.070067446596552,206.7334584148557,1.2178538923742945,26.848362877290946,1
7.557969750777777,51.2530582671954,1.2151179435386403,21.55149422555462,1
5.928066009918891,661.1003179503898,6.110525587260771,5.656019435966811,0
8.74792573452601,987.8639780464911,9.959023814929711,44.11729165915195,0
7.337447315827385,234.03919465921842,0.558489861248532,21.226636201281508,1
6.517056816962821,175.7099141681599,1.7680451970400841,28.873758462410855,1
6.990910791792384,285.2137572571509,2.333763478202334,21.016018646577198,1
7.0924445237780676,235.58190462652757,0.9754088091301187,22.77144737260076,1
4.992903254168342,1188.3492244103404,12.295248452723236,5.1413940433296785,0
9.729737529484504,1003.5591938071921,8.050122154213925,35.1,0
5.35282866788061,675.7336552956042,4.1,5.035283617470039,0
6.955392878803221,314.3086166250854,1.1456676572402649,19.271700807904868,1
6.5,223.0982402407869,0.7649616471237697,20.036508420425736,1
8.758761742318178,693.0291354426599,8.11294211650808,46.21994626059598,0
7.614099733889502,50.0,0.6226187971934871,20.878869147691276,1
5.0852043211353495,967.8450289337579,8.629778157238993,2.053439654212616,0
7.314346156289962,225.56197366263643,2.266358951559128,23.286338161491024,1
6.809650698809067,300.2274107541987,1.3148178709066944,17.69739806570045,1
6.775042588741249,250.98597464184581,2.1617182398651056,18.849110266937924,1
6.919178762449059,192.4433028446398,1.3861074089016359,17.373779131730654,1
10.52575473204279,1149.953301176166,11.290172622887852,37.52155744152114,0
4.265106833181574,715.7794455676336,10.120688872755537,3.549319918370486,0
7.190579139650305,208.56459623938375,1.0542083500107273,13.280845354439018,1
7.0082028130403025,229.34512346283537,1.0208917185396722,29.227435536586047,1
6.979256741643021,231.63367883104306,1.3149509167575733,17.967573972958288,1
8.5,280.5384056981652,2.931958183374008,21.0113135510224,1
7.27389623155829,51.758521368194465,2.569832094440372,25.733691817903456,1
6.888678109839075,50.0,2.748745816641238,23.550719516131387,1
9.449401186341234,978.6694525216292,7.833819423552993,35.1,0
8.145548997847744,230.53873351700074,2.5762859233240403,21.501806081254305,1
7.990576233806195,260.06982235210654,1.3782883257797895,20.585389780473797,1
7.30149586459783,200.25181815250613,0.0,24.747309981811355,1
7.295347593093914,177.1924594366389,0.9330769306374144,21.70812227247489,1
8.6,1096.4888057509274,13.561502472506664,37.61623884264384,0
9.5330705575745,826.7357676475247,10.571874512369046,37.93320031775554,0
5.098766044935314,777.9197672196823,10.580555632345533,4.988825732063634,0
7.1237270396946615,291.68241153136523,0.8144898388021553,19.214155640853246,1
5.457738504829971,695.6268966896507,6.749924039612794,8.660936949997549,0
9.583169432975328,911.4059244975606,7.9474479113127545,38.80391929606639,0
8.6,599.9722157520087,8.56532024126227,41.305136342224465,0
10.442894258242763,978.6154869131383,6.478915211626929,39.38934906887126,0
6.62076626340107,177.24922803147925,1.1973933746248688,23.323468113625406,1
7.576308475195287,228.75806380377003,1.9808005377085793,33.656436863073445,1
9.092204114390425,1047.323948428595,9.539143602230752,44.77647095006808,0
7.151300996646687,126.97512645627896,1.8279781130822483,25.864558643444195,1
10.267815489405516,1105.4616448389197,8.773584851884879,37.763650278901856,0
6.608565501688064,134.7699497347103,1.6776161077423832,17.671928859832256,1
7.422241786401379,147.5449824430845,1.108585315458554,23.157355622571938,1
7.52876100175009,345.444953804626,0.9604268380899175,28.171227095078727,1
7.089274680044432,161.37379273544653,0.41013423930546544,16.999135896420796,1
4.900434696228462,1117.9126665725155,8.902905129927234,3.852488899191248,0
9.17105075571263,669.1316257889794,9.610474051867028,51.63974590121042,0
7.829207890085943,101.35189559881158,1.8784126792685685,27.89798947028206,1
10.390319299738854,628.8934660188768,7.041462650242895,40.12913207598282,0
7.70628313634588,50.0,0.8759195571018468,27.08035210101959,1
7.227425189922411,196.9943484016415,1.1168147340631889,30.054217178594797,1
7.094137266704818,278.0249966782383,2.613980257433963,17.893498068463284,1
7.314931561761204,287.34442712597166,1.93633961047238,26.148685890128018,1
9.786828481638358,974.3986930853727,7.203431415699954,46.63260092173222,0
8.998267287100354,778.3332233510822,4.9829147380454195,37.15360400827817,0
7.346992666189722,260.27355708019445,1.1535248143765096,17.1089988850473,1
6.980510036903616,254.8471797038733,1.9607001252017944,18.682718502554522,1
6.578496493593574,138.6508769596358,1.8048824232946548,24.24629388228442,1
5.185222784174015,768.3360774809242,8.158818404704403,5.41870866037523,0
7.400713094467018,194.57028946404145,0.0,20.981568055944464,1
7.365373961289481,262.57040012251673,1.458241981605466,25.428633553693153,1
7.479161309015611,276.1982525562244,2.172652525025783,19.49188859267842,1
7.244369035883946,168.91833798535924,1.5816049584087246,24.77867649647434,1
7.279233904307143,212.8391699178784,1.4220768058415396,27.219339053277317,1
9.666529217533524,808.2161728189508,4.437196647867959,36.83485577482528,0
5.3339576275286396,917.1625967109311,7.550567843762627,9.636204520927603,0
5.395617993639018,970.9889302112299,9.36751303516442,6.621189946297185,0
7.336460789926658,262.08223310747803,0.575654589616478,17.395093369971423,1
6.574723676521337,50.0,0.0,26.488813333173475,1
6.647959416714044,97.89564667693313,1.3031851702748098,21.56588862974061,1
6.8410982514056675,76.34161706474134,0.5492775549656845,20.761156752773708,1
3.691767783942758,501.0,7.0317663418299725,3.186984438134459,0
7.4262038582526175,301.4121208950379,0.7608071316512097,18.044510609457664,1
7.297986628443489,117.89046338672863,1.3994383290720174,27.587040709593964,1
4.130017465510106,918.9018005262939,5.3880716271,7.947475156152338,0
10.33602088652116,815.6155427791979,6.5262109170160345,47.95860151200848,0
7.096383141671719,291.1644428820375,1.5371415190528332,25.080200435670342,1
7.647829964573831,310.90795178102746,1.706303477031611,26.17610051776952,1
7.339032682144668,285.581716398708,1.3435692463341427,16.49965906733166,1
4.455386842736779,901.3622795326098,9.8624898358696,4.261999621496935,0
7.01907747230037,240.4992791444741,1.7246982945802163,28.69708306428452,1
4.704957387848905,909.0516966052239,6.146611179556916,4.447579237599348,0
6.861473609013705,249.84698783112762,1.4641349151274659,16.356790859636163,1
7.640383853999428,96.7550862443025,1.719606228027835,17.81722011648835,1
6.721646775185927,208.5955499472714,1.2050502345606908,26.89517449005266,1
7.125884936448917,90.12776888242007,1.491569512928048,27.098612496153365,1
6.912832443700959,50.0,1.6455023507469564,21.050751063219128,1
6.837707079654953,263.19357777446817,1.3107400206049462,25.3751601035263,1
9.749457200482206,793.6132219898378,4.1,46.44929744325467,0
9.715423002584874,782.6907678638794,11.722896796215597,43.6631039239052,0
7.025445643789372,154.44401804063116,0.6640693440117091,21.880784872594237,1
7.328679122478405,136.598124230783,2.2850494482949495,23.783039404868514,1
7.80655762210143,243.0214552294787,2.620752014315075,19.90991628236145,1
9.656571511566765,501.0,10.24874771412089,44.734842365636,0
6.970535197247906,171.1968584994414,2.0832104366406043,21.792180916396887,1
9.748608990226597,854.1842685414882,8.898561258248481,45.52947098052276,0
9.730098840615021,1123.1963359835859,6.8422006204533075,39.883112548821316,0
7.005118831522029,188.95341322708146,0.6572604457235339,17.45449933318457,1
9.107716503698738,880.2116615387265,9.68513308375533,53.69998160966224,0
3.8256654578889595,1111.5358543644484,11.051443023137937,4.52276594297879,0
7.347059717196569,231.56639883873754,2.2754047671877142,24.34208613142747,1
10.0745073480262,683.2558708621149,11.019873894789544,37.182504697419745,0
6.627943448815747,169.75936807854262,2.1781389269769473,14.296088726219594,1
9.531215851663722,1107.8713045201387,7.673746931499147,45.72114559780799,0
9.519899727058007,666.2443522437754,4.1,44.77865659551501,0
5.430380775861191,1123.613696233208,8.867913907621285,6.516489552309595,0
4.362709944297617,501.0,6.259508833626441,5.763843340006019,0
10.666517781055735,1102.057330254629,6.483138242242434,39.32939179193552,0
4.230822549191594,889.1418280270734,6.898569286858306,3.769225380474974,0
5.688548337094904,874.9815372601552,4.1,7.6454856637595725,0
7.276819646596013,194.55012598656376,1.4421851972540967,22.54936529826042,1
9.353284298843343,839.6157234063198,11.119286868814346,42.1825311119276,0
4.792250509247145,1171.518175329933,8.427214599884397,4.9616938191973174,0
7.238137679776523,228.77911801014307,1.7964555118154262,17.583418173344324,1
6.624688808673054,338.0981236508506,1.1467563803975358,23.791722931091787,1
8.786768044288127,501.0,14.588996703567569,47.510976593856,0
7.1077901499279,158.55447844199546,1.5928183704182708,26.111836009031194,1
7.09648157493316,64.91958495451999,2.4313026410651712,15.957815798522015,1
5.355886576478658,792.8484711252971,8.84848448035611,5.112490675146358,0
5.0151992658078965,731.7537557953158,11.768664033324075,4.623026280482341,0
9.967155868835386,820.1607740919549,6.588382581411748,39.32571047246901,0
7.6014131591568095,201.47213046267504,2.268054134124507,24.293789973421596,1
6.990364640826163,186.3691387689443,0.4906627507217336,21.10128039348052,1
7.348842189042745,352.0214739448772,1.621763045888968,21.477698170819316,1
5.319823934093481,791.5102941976488,12.197292437790242,7.018206823456105,0
5.359154174554398,849.9184952148767,8.95933412338046,6.979901708800216,0
6.993084619959851,168.00807502950903,2.8944256451715162,23.180781472635346,1
7.217524588791644,349.5054272435083,1.4598217753492444,19.34923406604786,1
7.440847328156994,224.51115856587313,2.124288405716369,16.195584054133047,1
4.16565739055301,1071.858284867302,4.842430835007864,9.9,0
7.423255805807402,82.7460914126324,2.119389807960811,21.535716759518067,1
9.513743816680407,766.884205486481,4.1,44.14503424008194,0
9.516935274717621,617.9602587544179,8.640789723692949,42.271678297326964,0
3.9155665110686986,660.8340107215449,9.924875697323625,3.3533009232747277,0
7.250230581388617,224.93222848038226,0.3233906785333158,18.69933640101785,1
7.741548949666165,319.1290486662632,0.6000862994707807,20.099498886221586,1
7.033522238045899,185.90931971592173,2.013874435065074,24.173027859897093,1
9.53434035482527,1017.5880506537104,4.974407575242061,47.005324212853814,0
7.449084489560107,268.25612360412435,2.5232019113799824,22.969800722543276,1
7.68016556317777,286.4044847311448,1.7669469842061993,20.913079840521167,1
7.655951424451619,135.81759782883654,0.9123307093876399,17.285708860919307,1
7.504165862457719,116.0275600872047,0.13387796098197935,14.960164471402999,1
7.306956925628762,121.227617212219,0.9991409101603399,26.34592049156153,1
3.8038419301574757,531.805592803744,9.093805411114495,5.601173849278263,0
7.791157617896607,50.0,2.3549064619796036,21.433349472511026,1
9.41975688983572,748.0644072984942,6.81596087401849,47.14879082154516,0
7.399874044121174,117.09526021009837,0.8949013062649963,19.0326273559661,1
5.752295750898638,633.1681906566838,5.486062355962044,5.087280264931476,0
3.908905653096527,695.4437566867658,8.43798774293792,4.178285601727051,0
6.9609959221233435,151.5875011515202,1.056487339154331,18.858728318947048,1
7.588628380381742,233.45646047103776,1.5963633586076322,22.459380361111013,1
9.255863137651655,756.0625909952321,12.12439391016434,41.963813432752325,0
7.157079142398309,251.5614793316233,2.278844013642311,21.669945924354423,1
8.997222014408127,788.8818953601457,9.382366544784203,40.891983049086754,0
3.104780550734999,911.3435953266837,9.251241494025933,6.050225885771631,0
4.880097573182265,1000.9643383515826,11.801820938955146,7.689919332348298,0
7.087468977152715,154.34876558399097,0.2952457353276714,16.23463301713852,1
5.453774324347098,1171.570030258133,7.836977476890051,8.677509001824227,0
7.114404462309796,175.1753835692077,1.3193940246616738,17.110541540051045,1
7.570471019012657,294.45127299617155,2.3590916754568836,20.92893792510062,1
7.722857101712972,50.0,1.4678498198818875,21.29132753954095,1
7.615961874958431,363.3655722342304,1.9263948633374595,25.165989743891828,1
4.893287742310702,645.4053131666758,7.953358539069276,6.65748090737115,0
7.110719098146078,272.63698509016393,2.259150371203648,26.74065212575736,1
7.4389600279399435,271.3042949495804,1.1304041847640705,26.071828209717438,1
7.285885273268211,213.3324653887875,1.28990984922026,23.20496992036556,1
6.899137437763767,147.94721381052932,1.053533914998045,21.67673770734577,1
4.150207746125373,861.8315439034928,5.73766256062682,6.74822816363572,0
7.23463591498916,157.4836358912628,1.4886438176828412,23.44302301865534,1
9.43440992286758,1073.0657496551644,9.474759522771421,35.83152917835726,0
6.704296642058611,231.85178120980297,2.184493295258032,27.231856770197375,1
7.181765593457801,177.6005358500416,1.2425508314002613,21.20770547940256,1
6.5,184.9438048981743,1.2310728340051171,14.576266851246253,1
7.173568080541074,191.7255020567773,2.5783088678436714,15.897350362852631,1
7.207539849177939,115.9501342537759,0.695204768971816,19.61877720922407,1
7.467461921903163,50.12469568363065,1.1445982615952004,25.36416510784648,1
9.581935700868227,737.007917509051,4.1,44.026770846645675,0
5.091006146784222,973.071741810014,5.971052409267912,5.6691152690757605,0
6.941614328350186,330.80531156220155,1.8397519352872331,18.57702968019397,1
6.681968491174554,236.62444879406277,1.4709697554005967,21.037102784043796,1
9.51169256257809,739.9363714869055,7.706322784483591,50.827805888136304,0
7.9203761731643265,50.0,1.4457539900749086,21.95917759843627,1
9.960526564023963,832.1409102556923,9.597789462842195,46.3708493594825,0
6.675112322627438,140.38657837461196,0.5199501359187829,17.069643743324338,1
7.329743712688641,144.04038238658853,2.579593639362911,25.11652250235341,1
9.876800554579907,910.2566665551175,6.440524333479384,36.86343288474514,0
7.39680753919712,63.84782159853316,3.3085015621165965,20.079350867227824,1
6.914259432789453,69.49793476312436,1.813939817937508,20.14857485714248,1
7.181835512827105,234.267364052858,0.8107564190874312,17.59469348492116,1
9.300287609506992,895.8708517637003,6.9751445996890515,35.1,0
7.121460060366009,169.0110428357751,2.1057028292946747,28.024588963099788,1
7.5418100908266466,135.5360276092636,0.6780583929958974,19.23994960074166,1
8.634888936927258,882.725275542867,8.88855366196539,46.308244311615766,0
7.312396747094013,149.78128751323953,2.514174075836401,22.08048451832344,1
6.977920189322721,253.72249373832426,0.9523522542486046,19.177848210886157,1
7.081964034304837,400.07203983474255,1.996952923703066,27.58040762600919,1
9.206514506989768,757.0994866351562,7.033815810565004,42.39536928981307,0
4.843420016732893,646.2466342878614,8.464551344931152,3.6689322659826415,0
9.66713773303826,650.9213335924541,8.756694439757894,51.937004412635815,0
3.9567974577306897,680.6455047264769,4.92189425733428,5.008877045219629,0
7.460080471183464,152.24205706231407,2.409991160583494,30.088696400349512,1
3.879954770269296,796.8444622200659,10.012977956266772,4.362866663878335,0
10.279314008535042,843.2610822496632,5.0067311626791975,43.13854559237979,0
7.405563139863566,210.105135958656,1.8114271265069188,24.0848631647549,1
8.911650907114547,555.154998328884,8.449616593805823,42.932531084417,0
5.264690824853529,520.131390442825,12.202331828586955,6.966356961998042,0
9.527815061882894,645.063188467231,7.355916357839488,39.28099202269317,0
9.271685607139048,805.8303824650026,4.1,40.14786142765165,0
6.736654124322983,50.0,1.1114883089191234,20.42909504629673,1
5.934978235384989,914.3061393801484,5.151199267804987,3.417064714974293,0
6.845327631086617,144.1824876881404,0.9067682766044548,13.102463565564525,1
9.313470666168042,716.0251675431284,10.36972324056168,39.69243432372546,0
9.229618322511389,774.2897931229741,7.48726983957577,43.68786866719507,0
7.370183024713986,331.249165079063,2.4166108709818532,19.985110652682184,1
7.002750871040091,169.69921307175252,1.4207890538807413,22.906171003723983,1
6.346118075210638,803.8406841931095,8.883705537725492,8.06562626464684,0
4.746962770908124,913.2114917664135,12.432117681892581,3.4954223564770635,0
7.4561919180803296,200.08879557498346,1.3982554043802804,25.149105172491655,1
6.066568449104036,910.9934329997226,5.36118107250803,5.12615535085848,0
5.029282925250463,608.3841240717279,8.979689047589165,5.549072375166563,0
7.3524633539531115,93.34973161777548,2.0316500262612855,32.529544818709994,1
7.2738721223459635,91.3985968126452,0.214961870676037,18.562403156731197,1
7.098972739442736,253.2333458953423,1.079730014990226,18.267523645255434,1
9.818559520205614,1036.2443268441202,4.1,42.85283013385063,0
7.173699895570805,213.780350912883,0.747737272396996,24.190955914950244,1
9.596399396253135,882.2720555139415,8.871741043623611,42.34196930318331,0
7.184277084948948,226.53181337006103,1.8712584322991594,27.935560615071047,1
7.010021875535617,235.30457213593968,1.8761884019742665,23.533820059416865,1
5.4043112093857095,833.0050524877423,13.447032365240949,5.264618041377069,0
7.844911303195459,146.76621614964316,0.5148945895553183,23.63238423427978,1
10.258173732899598,671.0755737843053,7.655633535096349,45.62001127500008,0
7.153293633681901,288.2574057642927,1.600977465597428,18.761058130440755,1
6.919951674024331,71.07461127177376,0.99797266949427,26.18781813771284,1
6.5,50.0,0.0,22.33338140390037,1
7.023982205321206,218.5156738020458,2.1770246857072646,29.148959858418674,1
7.636602740768985,227.0949854337352,1.991861998949514,23.075103156594565,1
9.700769317859603,762.8902930814293,15.76181436753593,41.797388082365345,0
7.8930059997940365,158.5397888911038,1.73453804633852,21.701629291967695,1
6.8159814818882145,154.4681441061973,2.6666642814592665,24.882556925429068,1
6.9444153009242,206.88886946071824,0.886312040066495,20.172032664699074,1
9.105376702556901,501.0,4.915796562607667,44.69017419577231,0
4.597930788875452,501.0,9.24699011761582,6.003788779721244,0
9.11161304540647,998.0249573785634,8.480777859924997,45.46758832112703,0
9.882079149965946,755.9580940731845,4.8845019871573205,43.481259659449826,0
7.072060990698063,166.82984795425097,1.6837520235962837,17.25674035594022,1
8.742442531875259,1176.7622062369605,7.4608024579696375,43.97261802580938,0
6.982930480106392,216.9117253976527,1.5015621355136815,21.928288127000805,1
7.311987450527928,185.6725371987075,0.6416744495311216,20.003009542021378,1
6.680167505228961,77.47717478050856,2.9364513179953544,18.917528199498644,1
8.839395384071935,921.2849456782327,7.627768321690882,40.23847563325415,0
7.424367779176496,253.67289986215002,0.56191257304165,19.291955292838626,1
8.235825456807445,181.64941345156262,0.7586740145915317,15.890154575525184,1
6.5,169.71362054294767,2.726604336385422,22.903152136342086,1
7.3775277712584915,294.93876961418647,0.7975927675503476,33.07349442250377,1
8.182120055964358,162.96483903797935,1.8333682473713662,23.003804082848173,1
9.548448938017158,866.8252494676469,7.5814579150007875,35.88346476106748,0
8.231883735061727,240.35866051064136,2.0087558324812624,17.583897466110457,1
6.8982896599922565,343.89800146810495,1.93743251625783,11.110183436032244,1
7.139490686538595,289.5395934051277,1.2339742075974525,17.8950304987884,1
7.357780856951319,190.94975579874077,1.9797030592976774,19.701592567266434,1
3.584391810918022,1026.5912329612274,12.895666545110663,3.7817278222848736,0
6.897459701886278,119.15214240568693,1.9921981380652345,16.031591931418546,1
7.222659969958843,198.41010917053507,1.9447304366513443,23.008015044807713,1
3.1814622379625344,664.8862942817567,10.965578313942325,6.350328801976588,0
7.506973891661164,76.21568088493076,0.3900620052612851,25.920016944535575,1
4.036536138256832,855.0497375136729,11.785283481185001,5.714385757989878,0
4.273546423392028,616.4768021787336,10.206700694907715,6.349010066309644,0
7.323533205039586,160.40276157055416,1.1793823718898104,23.822587640354378,1
3.974868016177579,561.1682687817366,8.16643975629614,6.041121591687739,0
7.092587740837668,224.5876493366376,1.5823120409210416,20.161034419747843,1
7.589021779850692,139.22375060157702,0.68227552050486,21.150193189147775,1
7.27903984187696,87.55495569149707,1.5225295609257878,25.405639747050618,1
7.357518919286501,100.01437283285087,1.8392139651874924,22.482434190454313,1
5.821656240515312,902.2830510043759,6.780929445888729,4.604941325061663,0
7.50171653192543,254.65784118310464,1.482999453030982,25.11509723191113,1
7.357327135757749,122.67296872117478,1.4529387849627082,23.566204701040377,1
7.504022385475841,121.72003633067149,3.3248014142048388,25.230958223936604,1
4.065999340895429,1255.537785206186,14.663610182815884,7.5106463790618765,0
7.346639298438739,191.07929382856452,0.9637683583197202,18.799109058400386,1
8.21077297034945,224.13600071213884,1.630893146807265,22.183843744195734,1
9.473474004037447,907.4924173450404,9.489039233211477,48.72592327673149,0
6.665862256515959,173.86430294509088,1.5061519098424503,26.28590372101824,1
7.600418437026857,207.8250634474646,2.474344621375943,21.359845305682622,1
4.56276136301082,820.5930484929221,9.553273447126521,3.3914641571011654,0
9.059696770109175,688.9199201115323,8.254664724580001,45.45852556803994,0
7.617664350827629,128.77457215841025,1.367689991622268,23.790785065580046,1
7.329622811288624,239.4307177481496,0.8083980273979414,30.07110325270026,1
7.1851111053960635,313.6403429816851,2.6739811091308097,17.443753969534598,1
9.474151030312385,636.65241362702,11.416096840083945,38.15474946206647,0
6.535391975092416,348.6161874830186,1.8220296267023264,26.929314420858656,1
9.41023508301204,1062.296163792059,9.44068778571711,41.0511085021601,0
9.629709995631579,736.6684470526712,7.014300451241126,43.24112753705171,0
9.54956289623808,936.7722227863984,7.863071439998614,44.51929967086245,0
7.523223119312458,160.92191359117123,0.3689074703232176,16.087990978783264,1
7.461746262541623,202.72219288577855,1.9772203861705993,22.511708809498316,1
7.2073673516758205,176.201423930092,1.4068977852489555,20.496065682592537,1
7.432810626833891,203.68051093890728,2.598740010857645,22.030692773286024,1
6.4,750.0454775919234,5.415761812440973,8.181882717108211,0
6.997222729851548,298.40004581753203,1.3844436044978679,23.779873261504704,1
5.939851246068553,755.1518088903628,10.637921878126928,5.643670380045541,0
5.792048984573088,869.3920593768962,7.087804225802726,8.20079459777859,0
7.8009428208384115,381.7947776357505,1.5946332386911701,28.17018884549647,1
7.347856876879238,170.13854032469487,0.6782886715857799,24.194801905579602,1
4.231717558286309,902.7350431586613,9.490213270327155,4.010238683641361,0
9.293919427475894,1142.4615456733845,9.574594975175387,47.10862634380037,0
7.570486160896637,223.13469384949803,1.246250697982552,23.634442990255668,1
6.986919664135236,175.73199460182926,0.015938949415877923,17.312264283107222,1
6.619529723979377,162.65929504388475,0.18379811260185086,18.56216110620793,1
7.008465017596638,178.01581561978497,1.2365042117882634,20.907391013920392,1
7.452324673821911,227.52431372507732,1.3268617290823903,27.089933323395037,1
7.776046886179789,229.04925021956188,1.8762350932245,24.004517104258305,1
8.747467071548147,780.5620912353127,7.60272324516999,41.28612523414653,0
7.303889000688593,53.465420223517924,1.5137197316043398,22.70241419921748,1
7.205200756751163,82.65718475074584,1.3900826200887046,27.030452450306605,1
4.26371310695446,564.2617736407491,8.440242416615677,4.803109371646503,0
7.076606884617672,184.19036257632274,1.4935886730257413,25.654846609370363,1
9.30070398054312,1020.1599610845434,5.385468217000528,35.801965943097386,0
7.330770949505665,225.66285807461472,3.0001049382094367,20.04234306202232,1
6.598767879296073,222.30398499083685,2.2228602616354083,20.212089788775838,1
3.7795080559638046,802.562860913299,8.93046147830452,4.452015053673914,0
7.38880090836771,183.7231087135756,2.6126661252727033,20.47291521330383,1
5.24805505910012,1102.3346828370863,4.1,5.109312241825397,0
8.746958544798966,983.8372307353907,4.590991330532027,35.1118717196822,0
7.074776787790738,117.9305515224419,0.7455954779458789,23.947368275869962,1
10.104684589167382,972.7654688311534,4.6223875185646275,44.74875610822542,0
7.019336209536151,116.61827295622012,2.388478970329034,26.941727103027205,1
6.989697991327696,282.15890106557856,1.4114367721322347,17.97873949601106,1
6.9450451490773935,303.6850449425117,1.5225002028751926,24.74709628201342,1
7.585940653238984,279.5025771624351,0.5759459685838889,18.596869005487385,1
7.209804069703577,193.8045231419205,1.3187428423951266,15.976670378677518,1
7.03461393555069,248.69884712995335,2.0667602711037687,24.339813972345777,1
9.508984957508236,890.7871776807549,12.63832568129423,39.76092498064117,0
6.784037629149788,219.44987668103144,1.2286591171357275,19.81494396329014,1
5.4831336331867,696.9212403769159,4.1,2.267506741205778,0
5.656485980726937,816.4405852525593,4.666504103300043,3.548664794233959,0
6.954638934583624,67.1133267546262,1.474393972086208,18.71327669477991,1
7.435421307908288,338.493570541384,2.1626039025013704,15.09514415216844,1
9.519457914008665,835.9046603074923,4.1,38.12699326057344,0
6.759938306811322,243.22303552285564,1.1549572075355234,18.810058010624847,1
10.076106831534334,1078.2084950111891,10.161072495180525,38.95685856266967,0
4.786396990586375,543.1603578177678,4.786941312405536,6.02608584673163,0
9.573505416806432,1019.8831203585873,8.784732452196222,41.94116081088183,0
7.3124765695877505,187.14951043796046,1.3272929031198917,25.639850163442233,1
10.257123799990444,687.7286524952106,7.803412653533146,37.1263240904379,0
7.333543986627414,336.882304735263,1.4758050321093377,19.987345923814573,1
7.054018908182846,300.4322887567917,0.7060801983055467,22.05368194155384,1
7.368389177755756,234.22515161223225,1.4887621725259896,19.938122907664564,1
7.807713569456707,206.6389935050008,1.8930308408782932,20.79785605928493,1
9.892142376631876,804.325326118713,7.730823271016664,52.355856512665554,0
6.9677906200781115,153.59869338770523,2.977907433869709,20.928405063366004,1
7.186749210850481,140.8502874032771,0.5569222576930557,23.275233358513024,1
5.37749595830134,1039.2300443052252,5.277857141710038,4.292589915488835,0
8.6,1030.5868353949547,6.318327964716896,40.3887942308214,0
7.53341158464357,216.85347721624888,0.984079447193112,25.977514923968187,1
7.477391564765598,50.0,1.9087181155988007,27.538019850604137,1
7.180214516139027,150.85414847229646,1.0546434011436492,17.572518833863775,1
9.197659574936294,501.0,4.1,42.01886928277603,0
7.03388483443968,306.50712495907226,1.671527065020784,16.363136807901945,1
6.648932252817164,123.81468954089624,0.6865539258206019,17.516412104927362,1
7.764888222166172,210.28939603239732,1.5625766952521292,19.597973458344146,1
7.531789936772699,206.12872563613277,1.2358294377764532,25.766476054205963,1
7.218574619262459,174.23774764063532,1.7012947336171296,16.96694148253085,1
7.811820127784245,149.25713218484776,1.8200491445847597,21.610755397193635,1
5.599950714355871,546.0153825344905,8.425135370952527,5.210319963702424,0
7.192516497421641,82.23703415785667,1.5559406846180261,18.126656546985764,1
7.663438231602962,163.27277518248064,0.6241606043564255,24.68407121967108,1
3.371277943916179,1043.0131211183277,6.018657895977251,3.2785240230537935,0
3.7771296141890662,999.616834520731,6.866391638115946,5.279363930570464,0
9.93293629429217,691.9721921072779,6.18211104815747,47.37136648710061,0
7.490306649559477,177.26759216569621,3.155785440399981,17.3126747981099,1
9.003670492274209,726.3334579921648,5.531154122412929,42.89833019435794,0
7.5262948850157185,50.0,0.503986164531912,26.110874995118134,1
7.118781845582803,317.32326874228823,0.9274757105030462,24.984095811931265,1
3.1152648600541424,612.9834327144906,10.094250394753004,4.466855430142029,0
8.958201727663731,773.2648170690377,8.130930910638762,48.43025051931713,0
9.418183164571253,571.8843021022891,8.821807210794015,46.340877397779465,0
6.830306742292678,78.99768277608996,1.759238187130192,25.02921689509899,1
8.6,924.6022058595497,12.772506001780915,44.92908648733725,0
4.564569365475611,618.0695948333923,8.416591967601645,4.904805509762986,0
10.339027800226297,930.0979279976872,10.959542011412601,42.736594295156976,0
7.524323309263913,133.91104066283663,1.603474517325569,16.652088167437782,1
7.0656861202839485,160.24543799056175,0.7306725428276986,15.195438102931032,1
6.184146461505492,699.6706642407084,7.980188268549906,6.105886378396211,0
7.229327186875362,229.60488922151643,0.5814857591631376,27.987521095403423,1
9.339626814260576,1042.9768060366068,8.260083714456602,40.50303078333879,0
5.13230781521909,728.3211033943953,4.604827434201022,6.742090586290435,0
7.150916426561711,136.23091470200154,1.0251657594651546,22.309454921136386,1
7.468192246896486,271.1323059830245,2.3074519948470806,16.77160662240347,1
9.091209206611154,799.1036407246418,5.562590503122998,43.21129078310143,0
5.3639006405310745,699.0569076329697,10.34739806562402,4.527690864285547,0
3.7318031914161143,719.9515434136229,7.53257275345428,1.4029990096306517,0
6.593342980231684,104.27536571066508,2.003719648337424,18.09786825754147,1
6.789393880235576,217.93877956282336,1.0584075179369679,22.907727775200993,1
7.430828850872216,254.9652636687133,0.3943945908976809,24.685080546821414,1
5.10939720211877,820.147161624269,7.915499274651341,4.384208069923106,0
7.478781761804294,168.6498587690507,0.4584968075565641,18.293946980881007,1
7.28386376610985,303.0460579881902,0.36241511878223265,23.460676004193285,1
6.800775749074235,174.9865243414114,1.1640247501014538,22.141181562980865,1
7.312064463527843,162.0657459916828,1.832681023302118,26.325267831074147,1
7.168143443501714,181.94748954301986,1.1901874950580908,26.27713482558073,1
5.441699667783874,566.3018215801467,8.40928075420184,4.181964304370121,0
9.977969030089156,806.9482467078049,9.063219702423016,43.45302348630896,0
6.771257106783938,110.25991177152896,2.3138015677314883,22.744273729882188,1
9.126448623166468,729.6973246482203,5.807495300906988,39.81382028920813,0
4.218859568214722,730.06025092825,6.7848471411633415,7.51809000812781,0
9.639910797972139,585.9489119971167,6.366281204528625,37.10217342682724,0
9.868113722582564,1021.4545944007608,7.437555537526153,42.79195977876234,0
7.820200197125631,299.01230060095986,2.1496634276937567,26.09909644912691,1
6.83113387032895,142.47124388406513,1.540914636493955,27.07485557830628,1
6.5,283.2344714115871,1.5377281429232446,20.135090433131552,1
5.233099564990867,774.0418341590613,9.785471971654186,5.545586772571959,0
7.887751162482919,236.04904395451106,1.4772632749105337,23.345291877285124,1
8.68184910745027,958.9548076920671,11.838842357533244,47.214327047798044,0
6.793671272408641,199.52362326298166,1.480247484743939,20.051331267883423,1
9.379800762155794,883.0622954480667,11.360388218993132,40.40129892866248,0
6.832525395405562,216.83970391372029,2.46823616073054,15.718099818528117,1
7.201478268739139,102.81550912890853,1.2358036192087694,19.21727702333394,1
7.181231768448327,245.76050226403783,2.34407289450123,20.23639124555658,1
6.671990995511718,262.6103861053215,1.9217314053976542,22.866218953512824,1
10.292839586550379,977.4617924919493,8.03207993538944,47.19720696115296,0
7.582680926717834,277.84812488120576,1.4725991811221606,22.93314016435149,1
5.8603124435331315,857.2546673554884,11.854939144286504,5.357863457876322,0
9.54502079193348,873.0863685649418,10.12117657520361,47.81747499848691,0
6.742509517071736,162.52031093117475,1.9924445037575174,19.24289350739045,1
8.916588615232968,918.4205966404983,6.892268325152729,35.1,0
7.369666378560766,192.95270047767414,1.5386394697710624,29.17809939356885,1
9.499242748525978,806.6446477033919,7.078130483975846,35.1,0
6.8242658424724985,152.35720518529126,2.3247769932836015,22.554540114121803,1
7.100385584177449,97.23325874400246,1.9311769042327867,22.12648789564099,1
9.409177430546883,806.9508956583696,8.908231377515127,50.12988980003199,0
7.330318526632867,250.12909098104566,1.2308576152709374,22.939712500352464,1
6.234310484431295,623.1781717940157,10.253833115427831,5.562330285789233,0
9.528877073333614,678.58456172486,5.2839914974554425,46.763246718462206,0
7.460608796535802,252.76251756713106,1.1786778287747697,24.653093525057912,1
7.1076534504620925,185.33594323790422,1.6067681180283315,26.684476258950284,1
7.689427552967452,231.2902301546181,1.9408176600861167,23.85728224330666,1
6.5545754408493035,210.82706783138326,0.16356177871593003,19.738600189995623,1
7.6057480260072525,92.15623104478664,0.7804533644924828,23.624376075394668,1
5.320294631570048,1059.7082659538169,8.386186042218945,1.855448440550843,0
7.899833561682168,151.84444464518583,0.9430414063219348,21.92187844213159,1
7.33378271599481,332.28938147938277,0.9358057882584092,22.466032209903485,1
7.080974598656003,249.5109038418523,0.0,21.285276449568066,1
7.456337144506804,174.37617563706866,1.130827656852266,19.178733104336608,1
7.0790121254047484,240.26016517996038,0.2835367689074504,28.494116843567227,1
6.748117258136953,316.0801150505069,0.0,19.704720344359526,1
7.338595390359197,205.7823172307431,0.5150389636511883,19.667337130976176,1
7.845484507623459,285.62921281839436,1.9146306829093402,18.578069216297674,1
9.533047123149489,841.5859383923348,4.1,47.23400451745673,0
6.5,165.93955162787276,1.8966215038749077,15.314670929460911,1
6.5,69.8396063306601,1.2737826340082608,20.161578804970077,1
9.398538021732886,1015.1868245401598,8.355783269170622,45.98755153439062,0
7.590218050848944,168.34554305949888,1.9186694085332263,26.606662332189902,1
7.383074634421421,79.96187606695986,1.229149387380037,22.32144930385212,1
7.634314529975739,278.6146514215953,2.54682077167007,12.030441393667731,1
7.785670895500975,146.54855613377865,1.5114619693519056,19.8505496427464,1
8.981336900849328,548.1408896239924,12.46306533921054,35.1,0
7.800303916253725,168.93224493590733,1.8911066858611396,23.435670334962637,1
4.787029639674807,958.5480352611544,11.140637096969863,3.992138640077321,0
5.628794250162505,527.3793838836812,11.424363734963812,3.1130603511836874,0
7.210155368216964,143.08302447330362,1.8997988694266517,19.491796618210596,1
6.687878240531642,230.33224949808994,1.1997134978393063,19.730210875086595,1
7.060539146236857,250.6928819819247,1.7400484641249399,29.3946522758662,1
7.170868434937251,271.49581515112885,2.3169845516023084,23.56679206404189,1
7.879982949830552,137.39211220651288,0.7213707712305936,25.90905348121249,1
6.711715029634337,385.97386446822543,1.664594709556332,21.86772799455293,1
7.568660044769784,233.91115859551888,1.9735552335079825,20.96910175365482,1
9.853033474927715,1005.4383120080828,4.1,45.63745102078383,0
6.676471840352355,72.0484190244551,0.8345165146093214,25.689924680932435,1
4.413286903268705,547.2256878532567,4.1,1.781425826625132,0
9.477144622677086,1008.0053439725375,8.491854442684431,50.61354855360364,0
5.233026932552205,684.9019573807757,4.876984345148639,9.634707531229722,0
7.225712007638185,132.2519227099708,0.5017873180156837,20.033822344772382,1
10.231717827130497,1113.9168132562158,5.749885467070637,50.70961265946969,0
7.983338981688238,188.53928677086458,0.4607766456562432,21.164328170516512,1
5.191573591024348,988.7403268799683,6.401896737335067,7.330314247789044,0
9.201506484477234,822.338826021335,8.206250170290717,41.9882829842524,0
7.598419074322327,189.98604572934687,0.9594653285369346,20.313670754238828,1
7.202719937823999,201.25582367662068,1.3231625918381542,22.71467910087629,1
6.699554569445879,226.6086008259358,2.2891450625488394,24.4598449281871,1
7.853372612920438,224.6141322720891,2.439526091871398,20.881549120381294,1
5.774799042099901,843.5026991877571,6.27482541143789,4.326513939904209,0
9.741356380278068,1156.0905502584812,9.064318605884026,35.1,0
7.028279110193096,112.37835849257563,1.3405603146134557,23.55978239753375,1
7.671890083344284,175.92157500854225,0.3777482073701328,20.43180886933154,1
6.614250047916072,182.2789389638301,0.847340129772609,20.748284131239945,1
9.070461341817373,791.0744753867116,4.1,37.842606635492544,0
7.55475495603892,167.00167904896506,2.2851823996715432,11.082382460305064,1
7.525403854400255,118.81924054513183,1.925488237114506,21.65513160797019,1
6.928974139065738,252.72434751307358,2.462139486999291,20.653820315163557,1
7.222805249958834,220.96534472693804,2.047419171301889,27.089713531266383,1
6.709693734799064,241.35572125986968,0.40000600116318985,20.782620515784195,1
7.42307642429005,109.58570164122533,0.9666411333054414,29.22267551246506,1
9.815950169578906,1218.4197143235817,5.463114536031787,38.60354840186197,0
7.404481039809992,157.21946633245415,1.5378361639922007,19.6770356377742,1
4.635065322015953,752.8039802266107,11.614027807270777,5.7211600317726035,0
7.071502893552836,132.65426945054782,1.979933561952938,28.271166039182656,1
7.44882799612242,191.60258339491008,1.4273312609179232,23.715244721732024,1
5.47015592149425,774.6024373590039,6.5927881461685445,5.615923104160591,0
9.013774681156498,721.7464570184918,4.1,41.34792586591444,0
6.230413025489307,647.4754167128959,12.430766066644098,6.887033636305416,0
7.478554978982686,255.23781488972105,1.643818980925412,20.43331756198387,1
7.29569874564446,313.13498306648717,2.402442135984811,20.96111531569387,1
6.994453233065323,168.98400668731512,0.0,20.473475618347155,1
8.834126257800913,748.2082330464973,7.552059734384975,38.876429165733626,0
8.022617425931816,185.65991797144704,2.2072655192982844,24.384325976529947,1
8.994704698420703,999.9982010119222,4.8155810812291175,40.3573138895573,0
7.272570648045589,207.56968357354864,1.0029043752138325,24.717525492047624,1
7.813095565201031,65.01245223114319,2.287343703990069,27.655078593165037,1
7.749139389870612,229.40083284324817,1.5979874674249477,20.43842213153143,1
7.102337345883741,191.134995177673,1.2267138832036704,17.790682121587217,1
5.245431969969162,833.2037695749144,5.103811522454898,2.3889751248340567,0
6.953455436784209,199.13062903720223,1.2297981970453926,26.451192782451628,1
7.483285769302623,269.50180004726167,1.3644733422751443,27.743425856343592,1
7.304269506329563,215.58738722161104,1.7272607648517628,17.61664334798417,1
7.2270112818751695,167.0858714307198,3.2445287990204807,17.857583775818423,1
6.5,202.5116692426221,2.3150882183746893,20.808202540747107,1
7.058733482875724,249.87257106239326,1.8379530868422225,15.338461447036002,1
7.118807745041737,50.0,0.000998383776206646,18.2288990390781,1
3.891258667223803,770.4022504954293,12.290091166764107,0.027666864557287063,0
9.228044973243371,904.3782468270169,7.259426322467442,43.484135542729405,0
10.431379843190141,808.6846817632822,8.72778781146038,47.305209295917905,0
7.467496662237005,199.26541172918888,2.664052013032886,25.654428870272138,1
7.985890053166556,335.65783022486926,1.2334656172967369,23.524978620648394,1
7.664330714951408,223.77954187040993,1.3559631044259797,23.73499874384385,1
7.331500443863874,297.517663183493,0.4165389105836781,29.968377629989813,1
7.32296267912364,57.507326842749336,1.5277996752037444,20.310016418270266,1
6.6377731923285435,325.45459436218607,1.3456038418128802,21.740514235786556,1
7.834406726458141,50.0,2.1439100611681012,18.62680675486019,1
6.920109796802966,212.53549825972198,1.38218970377985,21.615150951837684,1
7.581600705397281,333.37792892409095,1.1664140037465311,26.85271675356636,1
7.336020517827556,327.9576752091032,2.2449194916387305,20.2638665827056,1
7.022687099523396,146.2011523194931,0.5998951879041996,16.522144901375768,1
8.05757763573013,97.56355431980266,1.3447530173987052,26.70800254716135,1
7.117656227647864,351.07495516914054,1.2374237035395048,14.298951149650058,1
6.808494513687077,280.5706669178528,1.074523275169063,21.849745962535234,1
9.044108856165678,944.4991538885874,8.954765739750282,35.67831349118821,0
7.148980351848986,122.73738937088326,1.2134615973469631,27.133418309152823,1
9.213706975936736,501.0,9.183632102950023,54.80648888385553,0
6.807533787544127,247.96620329962846,0.0,20.61300043596703,1
7.1868986919136,229.86788477691186,2.1049738692890454,20.62006735217173,1
9.54057191592481,830.4031555675558,10.085807681266242,38.357355618892576,0
7.384824357300759,233.26613035642742,2.1610696559847726,19.082251804609403,1
9.973275680711737,958.7278588660206,11.482858072227684,40.484790895264624,0
5.639909831764787,1023.633709674795,6.890849945722121,5.926920711332435,0
6.9551053061969,89.43859450460499,1.3157871095581215,27.037134845744674,1
9.01245057210653,630.6561344146987,7.981814522679215,41.47203520355661,0
7.448268839020272,193.11442457672857,1.3850954110947582,23.473990347356157,1
9.373145132466801,757.9023938925933,8.461291488634119,47.80611136577082,0
4.427226221452846,711.9348630647619,6.704746474906617,5.078993522404379,0
9.257522227561193,814.4751031229785,6.275620318354049,43.19292093965302,0
4.473221123790995,827.5516810348074,7.375331871161741,6.694222414878805,0
10.317431425580173,1074.1583667611555,8.839435562907067,48.051913045308815,0
7.485199372068956,131.95717770023649,1.6003144135000027,25.96770523954782,1
5.064255658100169,1217.2528201616162,6.243664937240095,2.799806074844388,0
6.077338401120917,905.5136232224066,5.683240787350413,1.6627411469984286,0
4.378510321102886,838.3844010072227,4.1,4.21601275042457,0
7.169619590542991,98.11315611227207,2.384699157367472,23.337498987493195,1
4.925391467566588,690.0891208280827,9.562597077684718,4.675502920083009,0
6.941509076062479,50.0,2.901699227351358,18.54227874530585,1
6.7673807985542425,253.19417298413927,0.515115776527208,26.780709646045665,1
7.313315148618457,84.51165902641881,1.3362715396824842,26.845710014529722,1
6.926148069695999,344.60868062154105,1.5044670786743204,23.21188749434913,1
3.794462160689589,866.7890095998079,9.698532172310518,4.116619791143039,0
7.375800492248091,217.86247306042964,0.09284834180375601,23.52208122126521,1
7.3520791404023855,116.59378442635389,1.5405048331987294,17.560999488446903,1
7.4173440769519745,50.0,1.4475514107170864,29.92988180067571,1
6.934950496421662,122.74681571814335,1.2419664439500102,25.815041023245413,1
7.850383566144826,315.552975604407,0.5552452308459016,23.374218308159744,1
9.316488790684186,872.6196865322078,6.8198226861327935,50.65407596522371,0
7.282906931759578,50.0,1.9734499333724358,21.84746172470144,1
7.342245339514264,159.52270408097158,0.4083949546116423,19.64168401625549,1
4.67559730675673,588.7459184503788,7.762633332846474,6.109264401281362,0
5.418982212331083,1129.8382646668924,4.1,4.4045287022375375,0
9.262338291158905,946.443614618199,4.1,44.17707826365471,0
7.180441126610358,110.81422501180685,1.6856147459226112,24.891987738497292,1
7.122536216288113,284.6251344656637,3.183386279577781,22.00089579198315,1
6.706260451248031,131.8090587140717,2.3999075640531755,20.073131796257897,1
7.650626011819103,244.06380578189305,1.2588659538732831,24.707976389500217,1
9.59162095522936,564.8531106666077,4.539021945720294,38.68880960667188,0
3.3839548683814193,687.6678886149148,4.1,5.503307737973107,0
6.890796086457813,210.4852148972679,1.2012370635453196,23.47705511059962,1
9.307220510018757,743.441357978135,10.355766078714641,43.89176984676364,0
7.657129125806009,283.8965701133251,1.8863749815322792,21.667312912261522,1
5.49821530018204,576.1218240508181,10.786553738150673,5.351084487670296,0
6.044466172648419,695.6338917023703,6.310801400614694,6.9252145481533045,0
7.025312105583762,223.27717841099545,2.539834158490785,26.417910815349867,1
4.74105379676705,807.7789032472488,8.677525502111921,3.819886652943885,0
7.168865121194879,159.0100607458645,1.2259010158507726,19.27939053699272,1
4.789727600430085,750.5214120105129,11.459983290190667,6.028265399986238,0
7.278608467880588,203.94466652161782,1.849218236337749,24.753983898246265,1
7.392746424687397,210.84507331317673,1.502142081717001,26.033663879771964,1
4.463031139892889,667.1464270082836,10.464692373873843,3.3838931418199256,0
6.63792406127857,295.7528759009082,1.0457010356687897,26.9509524229969,1
9.41232091280258,1102.2645598406407,9.323247985581212,48.32457947486151,0
4.900559248897201,1017.3726979443672,5.983343382342785,6.942176676764404,0
7.30859812433026,251.5676345932141,1.7065986855361917,19.431070086224043,1
9.736476782356636,777.923363870793,12.598351654304317,43.918221924848204,0
8.6,1251.3504944337533,4.1,38.66721884383477,0
7.81337348051853,50.0,0.5716164866355902,17.834188192900726,1
3.702143509364988,620.0284056729463,7.432826237442876,3.905424233589254,0
6.9964145497170005,145.06277255973637,0.5175089593054363,23.73189171217454,1
9.086754312144883,686.2588586805894,9.387643768393248,46.00892592164243,0
7.452963095622208,137.43972059911704,0.0,16.300937385114043,1
6.88560421579682,137.67258084986395,2.374797294129023,22.485914317316233,1
10.173839042756311,1087.919585486027,7.866365407265635,39.24659576671619,0
9.099389820093558,739.2273141037739,14.381892241248705,41.184693601365126,0
6.942592707847943,216.0367705130983,3.1021534626162026,22.014330407331133,1
6.878530172812108,74.95725547429971,1.0602954201710504,16.039009906803813,1
7.731573327814164,249.02325932666318,0.6736776603375425,16.175814026614265,1
7.22963791216791,271.12296978239135,1.2716364068910484,16.320491342916284,1
7.846150275787777,265.8226224667202,0.9130495685312334,16.091342334750472,1
7.039511811245665,356.26073100212545,2.751142490100878,15.9967919389513,1
7.560910869514659,275.0912018143156,0.7123615205835938,25.943793533258884,1
7.286583435832791,50.0,1.2454986935594796,24.613915927806964,1
9.883921847334056,1084.3006570466187,8.578039789548416,36.329361687607836,0
9.257204943977495,537.4174046483522,8.513732143054987,35.1,0
10.086921010183351,656.83481722505,9.437357383348317,41.60915031932103,0
7.143048205991483,210.09423229295737,1.7145156040743386,20.293714988677706,1
7.330697905840928,54.33917777583869,0.7646936598708229,23.964015783831012,1
7.5661608470808295,195.47292088800833,1.2827263060357041,30.142125826878377,1
7.266580883285223,328.7024684587499,3.2088552057303397,20.27601519912075,1
6.532566370448964,86.70183553658836,1.1276855747974701,25.78253371027052,1
6.994721454194642,56.142820847271395,1.035784786911672,12.698319383441278,1
9.00607096318388,734.1207088074914,4.1,35.777819761256524,0
9.6412248820278,1130.3277897371759,8.111277025809368,45.28433031654751,0
4.383200789745017,501.0,5.204026624149382,9.326949707400285,0
7.268735735917413,310.27738843630465,1.5478254909578724,24.089780843706777,1
6.97170148250021,187.89606238139822,2.68548299338957,24.366672198772523,1
7.2367043106142015,218.72195634825184,0.5644020497795561,17.737269208721735,1
6.667874549704404,75.29704039809268,1.2201212859994315,21.61446145474041,1
9.352938409811916,501.0,14.182479691707977,42.18507188748071,0
6.075748138584492,842.9065837772832,6.174688875826574,2.827178093288764,0
9.626106501681432,779.5467299564815,13.008150378642942,37.4793057844926,0
5.364117104759615,853.5392508717324,4.197989102100286,5.573727685638701,0
7.385036517141581,206.31712365344677,2.294934409844033,18.078446994066102,1
7.680031582570745,209.07155135733515,0.7520354721422928,19.63914155119804,1
10.076125325936374,878.173981560392,7.854512415353521,35.95288773054083,0
5.157898084351728,865.366441896704,5.078098867252698,7.191746909953652,0
4.808435924987533,647.4837141005904,4.347502021352401,4.725417864179267,0
6.5569355891527765,95.8729613757335,2.620068492774335,23.048066297433902,1
7.458150379834059,57.91905967612783,1.1145890530995053,25.475193353222195,1
6.671906717191743,194.08217091244975,0.3869007185237916,21.127977475515504,1
9.78104613104131,1074.1925520258587,9.75935939100083,46.340273271138884,0
5.024679594205551,993.2185710712641,7.063605897376139,2.833596633630797,0
7.135485715333597,141.63180241540724,0.8732519384385601,18.03750710649097,1
5.98949751481458,739.2154704769255,6.213726844270953,4.343781423279518,0
9.783665238493315,713.2304953294856,4.1,39.28512146613994,0
7.650420100308867,169.14618952177216,2.1830763361019945,18.97815679442847,1
7.469272540507983,252.96414678067785,0.5564029509429819,28.71050176862454,1
5.9410752449371635,1045.745611045784,4.1,5.670436692434744,0
6.798378161263196,345.511882576026,1.9445700081185477,20.22591360065154,1
7.257955133238757,277.8980984681894,1.6433585140973421,18.96533919382891,1
9.352952845805683,569.3479654649483,4.1,42.38096210724361,0
7.053188864366671,273.5131883726664,2.072587081117703,23.286610638366344,1
5.493115432424287,837.8668072360332,11.166059202413132,4.369615880153111,0
7.060273281552721,196.00958766975057,1.6704325539957392,23.346849181682444,1
9.51995334725988,1101.9093725225264,10.726667109107861,41.77869939860712,0
10.02219302593829,861.6256673073009,11.722817562154418,38.37056208084003,0
5.124872590765482,915.3122241017988,7.458349127342783,6.406312632839235,0
7.246010431658967,168.00974090653028,0.9445781890815701,20.011790052657272,1
7.304500212493543,271.592844482146,2.168992779779707,27.689691821143285,1
7.3232202158016415,246.98099307713414,0.11953768134932741,17.532236463590543,1
6.9182625237828965,126.69432647412643,0.0,24.348230138378142,1
6.6830949219577525,131.9509397638442,1.3344238316420254,19.824066346509266,1
9.706320680721483,871.7482776216606,8.946490424970476,42.064819707358794,0
6.7851015382694175,265.240081795541,2.198085897361211,26.97130757330731,1
7.155068780123668,214.0229423147139,0.6545684252196534,24.147229876899615,1
9.728249017625323,904.6438022353873,8.126117110991693,43.844122061243304,0
10.692298900165735,514.703368675767,8.731480779850294,38.7212436968043,0
7.169159316234358,94.62944640427321,1.232957409623135,24.524897427887133,1
9.238447846557753,1113.0909319918223,12.039441786668089,43.49898085786465,0
9.298975349862605,737.09992132996,5.734898012268504,39.34062103548865,0
6.9161680581003315,335.1351146921343,1.2754512967036007,19.434336839906262,1
5.889637473682566,891.7200907755262,6.937370715003653,9.048057072758514,0
8.652491103512347,645.9546033779716,9.478849431400908,46.9847874076131,0
7.374695420693404,300.20325848233847,1.1369534017607967,19.787035992640803,1
7.216367670158289,196.80844929986304,0.27019191041894874,22.13145349592085,1
7.347469323549161,155.51050025913756,2.1627652965583093,25.738618829346493,1
6.988553327300098,129.73893977412268,2.043359953306874,25.094190460428074,1
3.672980299931175,562.5739335433352,6.117011911919911,5.5669532080379645,0
6.68816921330572,241.70239240110516,1.224836859508977,17.339192000138844,1
6.87669371134363,126.54302667921668,3.0332919008318964,29.33653825744956,1
7.173128683980258,336.3673674637902,0.8800003401402171,14.749088139707428,1
7.233530651171745,124.80257366799468,1.3014052901446878,21.334057662873818,1
10.009964302713877,501.0,7.114396240691912,39.857857826222116,0
6.919203324877298,239.52511351804156,1.696861344553023,28.064464721420173,1
6.867619953435585,157.31197548486665,2.4972394124540704,25.31659614023817,1
7.481802615929889,174.36919524505646,0.9469880322293545,20.742224838809484,1
7.339920009827163,167.1585213816216,1.8476442304859266,19.948103024128752,1
3.952009990614586,753.8302064192579,8.293479475556802,5.587573376549445,0
7.690773289553723,181.51444180338558,2.6758231675550705,24.850017768368645,1
9.313718859714543,501.0,15.269318391840661,44.01944047370309,0
7.487903176859273,211.95648717306477,1.1217365627090619,19.341196379395946,1
6.8016738420839085,287.01683409262927,2.361322033431983,22.739074600996094,1
3.935480733583499,914.2566106328593,9.035258558045248,3.1079199634968937,0
6.87103202704712,266.24470519146473,2.1672233780305477,21.982948249424496,1
7.908320254254204,304.2806345547807,1.6974239534465398,22.25416761824375,1
10.229580497094346,712.0767693965988,11.244742185094346,49.69197492219139,0
6.4,556.6428717837165,12.730549476767651,8.284838491856645,0
7.902136336977282,193.82231638215634,0.9247296201050579,23.120943784009977,1
6.639259574883088,171.3576496202411,1.647256979478621,22.0564334250125,1
9.592698328233881,501.0,8.598139761962024,43.33413085540194,0
7.022782391548607,135.12848510398004,1.952833166279596,32.03322509222625,1
7.6261921500261405,105.27755534219524,1.1194751727348633,26.43377840689157,1
7.487581324266027,227.88760958887843,1.3711391930888563,22.05734568870304,1
8.062923285306201,146.6521026438749,1.281125981242707,18.312705374719144,1
7.158698095940381,259.72890916817255,1.6846289093758031,16.890515465797527,1
7.185743407081007,182.27707219330094,0.5205402185427582,23.732255786965275,1
8.025009967697258,50.0,2.5048996952145366,20.15843066937338,1
6.899212267304472,98.8795065642109,2.3355105748333833,20.887520542534663,1
8.979056533761316,925.0153594008145,8.983456147447951,46.52374901629412,0
7.6951265247893845,167.6482061452831,0.4963359232501099,24.55961182860834,1
7.0717329497771235,178.20719867170502,0.8681419480085262,21.496722593806666,1
7.004224222992711,52.496513321540334,0.9897285249767865,17.20318269961743,1
9.178424794938673,1349.756483182013,12.47043078765043,36.971435097887394,0
7.8898786599044435,286.5211269039793,1.7131445411761013,23.116960404883997,1
7.416585091281916,180.07425242775673,1.1479918724303309,21.464882509915043,1
7.217405867457386,201.63337337703345,1.5917835272726029,21.56553338024663,1
9.895174504346144,501.0,8.118386597911792,45.91986571496307,0
7.375390295523891,234.8804620178064,1.3088952763841908,15.694764012915018,1
6.813209542748315,452.1645387609668,1.3061774509618376,24.103749121018602,1
7.157187856018177,287.1015723373338,0.6726126027522468,25.12543247922606,1
9.741424372874054,1219.768246070488,9.654195028334726,41.66989007026986,0
7.540088696845397,175.55047111453496,1.390465836713789,17.84082710188706,1
6.5,219.21646751569784,0.5091331531604054,19.22817198187514,1
9.841244604630319,675.7681513109542,12.090637839918838,45.00058227622253,0
7.377705324594416,187.86284531382168,1.0133954493461894,23.173137716019408,1
7.066369107608024,58.082430711029644,1.126897142721566,24.254694617080624,1
7.867608610115758,185.3944820496367,2.757665641172512,23.496248352524173,1
6.601388297963968,208.22868623458672,2.601902750222686,24.100677253048673,1
6.938493464540472,277.5655220602325,0.5271538997651317,23.264351288435734,1
7.354529327124625,198.56840183933198,0.13178489686170725,23.199179496652654,1
8.945912651757627,575.2197750154231,8.76897395890656,41.686257372154245,0
4.801399108911125,1226.4292920287403,8.540963747531897,3.3499762031876266,0
4.756301881316212,770.4923623799697,8.755608344954076,3.3933160494190493,0
9.116565237441044,796.8268163092973,9.106745386487583,45.49451895750883,0
5.235864551367755,654.6010348565886,10.487821059699401,2.4911978805449975,0
7.189437697216429,250.59633733138406,1.599117050717918,25.46269860466948,1
6.9692385377350385,211.12483189227342,2.028471136299375,25.23343819866283,1
6.6973972422882975,234.468993521203,0.8087339263011037,27.0503096278566,1
5.662126007788159,778.7735984775368,12.129567979216004,6.388422085890451,0
5.574729358221304,766.6320664612158,7.4230904471551185,2.292434478417037,0
7.39698050560326,266.25837521476984,1.8059887458117363,21.04557787314149,1
7.411921671166113,270.35336329099226,0.2743170979163405,25.1326226240527,1
7.587457996213156,260.77698363873344,1.5654664475070268,20.60990022992457,1
4.488747733734387,694.0443495938563,10.839645583150347,8.893396924731125,0
7.362820914849814,50.0,0.2990041769533094,23.528134822864043,1
7.895540540741333,217.517113268478,1.559405820852773,20.863248471380885,1
9.24586742695834,807.160520007168,6.459534908677839,44.23223391652389,0
6.972066828704497,187.8426094147169,0.8163657788955109,12.923690908190395,1
6.747644625869634,191.19956010391587,1.1879697781422058,18.199581723417403,1
7.686863408330199,255.42152254790884,1.3498236348374255,26.410768184297513,1
7.790616139890359,191.65257656104865,0.6099160353754014,23.830167736019124,1
7.178042399753486,174.50013478030934,1.0586790820701657,10.10677531482977,1
7.389452830724582,303.3648267461218,0.8826274650129782,17.127295732770726,1
6.0401412214505115,842.4599235320953,4.225408129919223,5.820303135427188,0
7.274581725907772,99.6061865598166,1.5367684577507215,15.315411340818605,1
4.518482271253909,983.8816857507294,15.430787401170235,2.737820509662316,0
4.991554852095318,605.1879686163556,11.554953342800948,4.744984042181693,0
7.381413720605592,301.7513937550925,1.5695196704659446,20.90548955842693,1
6.5663456227978045,72.32848251407093,1.1112997281792747,19.356635212989676,1
9.701970208034153,750.74197147824,8.24047928146266,47.63228878564579,0
6.871727072659316,144.43197046694843,0.42723720621923555,26.271991112235888,1
4.128389273381235,657.9949826369798,4.986979213101231,5.067103193636485,0
9.814542704507,528.4602546264896,9.790381331992442,43.13291964513654,0
9.125995256699733,1028.4109184704494,4.9723905426878305,41.70195077305733,0
4.576005654637219,960.5455144875395,5.926362686626648,7.891270093316174,0
5.013943162366481,762.461213715647,8.534719231715167,2.063956702465297,0
5.019157105959409,919.2599570922425,10.064855325464697,2.600008839812714,0
6.058094273008618,785.1495785013835,7.024710585587224,6.67629379379432,0
7.25871720479422,50.0,1.375383696955313,22.90521683098054,1
6.1084601871531845,793.7679270397044,8.592105386704073,4.963666237189091,0
9.28073774719751,878.8253020868295,9.231380665706233,44.8945651188645,0
7.111498550565692,208.1987713726566,1.6416683594190866,26.425847083248286,1
6.245749305901406,808.6408097371008,8.479506055724292,7.906794211629353,0
5.250593354954893,944.8856352470824,4.523620800726186,4.4192340166984065,0
6.4,1090.1598932617478,4.1,6.507824130384266,0
9.304555866413805,501.0,5.833099436139223,40.30397617395058,0
9.804906259937376,847.1574128396068,8.93251519261637,39.1640242449245,0
7.088446642339697,202.69752439208426,1.7665784928416777,19.815335583127922,1
7.296301271795428,291.97376151029977,0.755651850118777,25.662615217033377,1
7.33346484211478,81.64446214882207,1.0644108439742028,26.54582229729938,1
7.268547312475988,212.55783687747473,2.3529361504101804,23.182662205927997,1
7.315909942758565,218.62293943521308,1.2879803293407048,20.731588669704138,1
4.049292263407943,501.0,4.1,3.1977934260312857,0
6.249812088524056,937.6873039749337,6.657911152516353,3.597872938041626,0
7.546302077668049,284.69828239071035,2.1502524094725506,17.573068049082195,1
7.268166488950195,174.61196062059722,2.347472186779538,17.49085790517228,1
7.54980682965301,101.39677510237759,0.9857302344261984,21.680603386048816,1
4.659260320545947,764.402758409731,8.482078602394713,5.534421310290112,0
6.285615206599425,728.310762138665,4.486876881014551,7.685590630843411,0
7.272408623481483,244.15087774577233,1.5638177026665074,21.65193910672745,1
7.17618985757528,203.68021978026192,2.0412679906660314,27.974839036022136,1
7.301266095215192,208.5766369632107,1.4549636468345835,21.71981422508814,1
7.096438010518369,161.3672128431586,1.3627347525261435,19.978211161385893,1
7.634392846470013,50.0,0.4980516070619012,19.166047593883636,1
9.953171617698576,501.0,5.816150397577061,47.108293640989686,0
7.186126045045287,122.39005916962851,1.7701790647982132,30.662085808826227,1
7.613018481736663,215.27332193149687,2.1021278468766096,22.710792183160958,1
7.088414827867277,189.71629653984346,1.8748211231867433,20.098061035242228,1
6.55697605425241,327.86574461128265,1.298356041154105,22.826710514156463,1
6.871111841773428,256.4863131052105,0.8518770672761952,18.261624420406115,1
6.747918510130431,234.7952830694319,2.567162026781132,32.18421814377117,1
7.749950567659274,274.998199400554,1.1436343362819015,19.339816327987553,1
3.945760198312821,728.0319078439225,7.208515308798102,7.521903370961855,0
9.074014377475013,742.4831704815806,10.121318480319689,38.70286556391843,0
7.148832963407694,175.8255530413903,1.9852523211610928,24.335348326156236,1
7.881642206502197,66.04244316374039,0.5436611636317578,25.287685929663603,1
9.717524185820222,956.6936212417834,13.62327334079973,39.608836960707855,0
4.312716580759887,865.2762015691121,7.677959532647112,4.924516407582799,0
10.338982918484348,628.7423752679439,6.1574287456235215,42.21124802213418,0
5.524062414104421,737.2095626168278,5.274606987431669,3.602267639116013,0
4.8061695214572895,1070.2177892674003,12.34101385275518,7.632494594322548,0
8.068377086999126,105.35550522124888,3.3191760300522075,10.0,1
10.002414574741618,1064.5946616691085,5.774181638730573,44.07536254849542,0
6.9136960043557,111.35100333929046,1.0626157670958625,17.869866895162357,1
6.932888177412446,230.46224570920413,0.6429184550669098,20.77876338592574,1
4.508461180441726,992.1480023648071,6.644191585982028,9.9,0
8.628973029114086,662.3835746839363,4.572554305644731,43.62252161185406,0
9.542669887897446,608.2171819988024,8.980012764626503,44.946141424433186,0
5.161223684626002,589.7916099426612,8.015429421625548,4.322144737301715,0
7.443655248362871,158.10149577828625,1.6652996869153707,20.438363254313465,1
5.351874309178262,911.9323140648737,6.737199306248702,6.595703650956601,0
9.618271096807431,1018.195805523893,8.959469187842197,42.50868602919963,0
5.5293892896775585,780.0898633630063,10.204807922762946,4.335604567716134,0
9.38464451375759,877.1642972864446,4.1,42.16800853676778,0
6.637014490249378,327.24656580942803,2.3909003137798854,24.99906651395674,1
3.293504625825511,999.2925230825967,6.231448602510468,2.8745994489442017,0
9.869283019601031,805.9124573744202,12.458477711055597,46.292294213195156,0
6.829830149576165,150.0391635929138,2.1496109614061805,17.2601922350957,1
9.039708387081761,631.2806774936574,11.309521816380919,42.237573173806446,0
6.864316133064397,275.66957149473166,2.220426305289577,21.946867644163923,1
7.205571716765179,200.57427735263536,0.6114962263298271,24.427770433546552,1
6.8521347674901225,219.86601140127058,1.163597910758268,18.136692916416145,1
7.136796840568405,181.12240102312228,1.22463239157874,20.807389895200398,1
7.507282886652695,88.07372574524196,0.8449181391466042,18.349284957216533,1
7.7774528013875255,366.6128257687838,1.1113088383907799,27.191666022643048,1
6.653144877415902,85.09969080575058,2.1017415507983923,18.985169420553017,1
8.84454399646392,989.2487343230628,11.454545437799004,44.46359673283513,0
4.278146276324366,742.0157693949969,8.733363348816649,3.5862931969713125,0
5.833386282123678,743.9951534156461,4.1,3.7692153484902455,0
6.076093738889431,937.3550978095329,8.092546001160521,6.145450638659645,0
4.132025610015618,597.8237006820798,8.930527481548515,3.0658282544009188,0
7.428245198887812,256.2514033776003,3.2538142337498255,24.21450963743293,1
7.435431361768244,107.48673466049146,0.8976042173302792,19.16488718911401,1
7.090402767268278,265.64428023103176,2.1605184433910622,15.585082099880418,1
7.320618936933445,220.11788871524095,0.7782823073968851,25.6437776153579,1
7.2307407531835075,185.29168854726322,2.0973442841381025,21.743184820189146,1
7.816843981027151,268.53619841940446,0.7585518041389686,19.176977751091208,1
7.2707283488557595,168.21413979589104,2.315493617794746,19.134422825197014,1
7.164687180659498,151.13138881559473,1.6715799990608324,18.42473427767355,1
6.841972063089358,126.20696121248373,0.5204604839058605,19.635137523030505,1
9.63194424717501,1094.596715525966,9.479762528579096,46.08843156527277,0
9.024445976628767,931.8803579696989,4.661707765036837,44.33073565247477,0
6.6707640826370005,140.2461371943866,1.9623219666460852,16.367092926770198,1
3.741429648350634,1056.7478867402815,9.412901209355486,1.1345317148621228,0
7.076315049659514,216.35112252823814,2.217942479710808,21.54019627403263,1
9.67916703559846,920.2473576303346,11.602402458285354,38.74411853054112,0
9.169032410041286,1139.9485484397285,6.997840753829464,46.15058832247613,0
9.67450613431404,721.1819042038846,4.558803200842769,40.36627705029454,0
6.553475756625365,276.6271704886614,0.32976710867028314,10.0,1
7.370354882477215,282.3552444741632,1.9505681271157436,14.348594586608684,1
5.484435186068466,972.1820209082925,8.399499468088116,6.452255042700747,0
7.4886250020504574,330.93919694645115,1.0959398920026004,27.695595748987405,1
6.8418614710547905,202.51932498095965,0.0,26.27778955249676,1
4.472403650529258,1049.111362936725,8.455542648924713,6.8516092831921185,0
10.53497386953484,600.7910119660216,8.094105248299126,44.977476503609864,0
6.291826603397862,1222.4178654505818,9.667962301070418,4.417187277302213,0
7.901917672793746,308.1762143093715,1.522677349578505,25.970512411917717,1
9.285408854886173,856.6449917221437,8.736584516168504,48.891149233350745,0
7.22077835432292,217.72467788993686,2.3338824771422826,18.07694062534985,1
9.740305607624297,671.0382127213034,7.4620159163809054,35.1,0
6.932370904536033,50.0,1.8249758666861025,25.84245293001394,1
8.6,686.8894475195152,7.9319674235379765,35.50062796315774,0
7.185669584356019,216.18630371382417,1.6294794025512094,15.609521083326175,1
6.770902789704078,246.991335984481,0.6204042648381953,28.7692520764195,1
4.565760822626428,1180.177757920737,5.661631396243303,7.708421850490167,0
7.101575004748021,120.44571825601662,2.5274953114981167,28.225664142287066,1
7.210436420084334,213.44478447734562,0.45527641099580496,22.751767105731027,1
9.429379089465733,712.3182223926586,11.115962861959204,42.70278201603375,0
7.3573941541687,247.40538190778645,2.04385218464838,18.915831371435182,1
7.42091997507181,61.57898156125239,1.769476491233344,21.609624439382344,1
7.242150202458384,231.66390789677976,1.6106657290037503,18.655220597183316,1
8.607530733563948,694.4805314841898,14.656230072592548,51.73410981173057,0
7.4478845783864545,191.71305172753756,0.9665065860401315,23.94514921896358,1
6.741461842792525,112.35844889235501,0.14613857817829623,21.491202464070227,1
7.118567855959055,271.36540797853763,1.1894752188548299,19.41503070341362,1
9.849725045303272,848.9196139298435,8.189551006423269,37.510345533099716,0
9.488191010290771,706.4152555333505,6.680440210698782,35.1,0
4.496640314423741,1024.8828299941779,9.061038127673145,4.079625902204242,0
6.9715284040868815,331.4702524643627,1.4964253575809425,23.98306229206204,1
4.737020149626967,630.3266927153818,8.919859360945766,5.165181033750827,0
7.334023211633647,154.8643056111611,2.1100891764016994,26.731601957550097,1
7.665895741782869,345.64351263534525,1.4784494483106094,20.082584229375662,1
9.089580520574854,1038.5212409954631,6.233922425924024,46.46736447212995,0
6.763840369022862,206.760411655429,1.4588170021079345,20.511742698674695,1
5.901146973396824,629.9983490479228,7.67424056951617,6.374354950197297,0
8.835297448337458,763.4153403174818,8.574086762334833,39.93627952889226,0
5.562574603885395,849.2367888591934,6.382061229167064,2.6589701397421823,0
7.353626179575723,211.64169582145925,0.17023080339878316,14.96716449337826,1
9.673958039060441,803.7592383970983,9.35498741985258,43.562575830977806,0
7.599204043943861,79.98225108424512,1.345987380638228,27.622590390031853,1
10.039213097236473,733.9894529511998,6.734669406837108,35.1,0
4.990178773198259,1230.0621586662423,7.393428993837142,7.413940649264498,0
7.478482545925368,165.50995443399208,1.6404890860022148,22.85993126981819,1
6.8006458243246835,191.96194235426358,1.508303875426549,23.417237526075443,1
10.341444194473915,783.5726672891907,8.531891639441925,39.52258159450346,0
4.9299571628372485,1064.2422252155152,10.567205962582523,3.8111726028440547,0
5.295133762326597,770.0067417658278,4.1,6.284948893145238,0
6.203370320548184,1051.7522479520137,6.536392735778614,2.965509261426317,0
6.523014148114072,247.7152910065402,0.4022989806059647,30.017693214700685,1
7.062924962367861,108.55845503410171,1.758311506477617,17.890992449979485,1
6.5776417415185495,195.39857975956295,0.4702115162385374,22.024525801740907,1
6.557421471896971,171.09515504261677,0.879771827115136,16.364157012831843,1
7.3715266001322295,184.9390931930955,1.963775223379029,18.631605241114446,1
4.164266775495006,1252.5137616670636,8.418357398087592,3.681401926299099,0
10.203116179631277,917.3703077569736,16.671928971197413,41.63033817371545,0
6.387810234498862,969.0813113564111,5.891501561193676,6.85753507015155,0
7.11639069708559,267.44842658585924,0.6733192614349301,19.253581872607196,1
3.216258687416015,817.7645924557577,10.195016979862736,3.243199045321398,0
4.977208700391686,1246.4692066371476,8.620647589270371,4.926117627065003,0
7.312254561796054,92.14583636580079,0.0,26.864026155645906,1
4.187594048949343,948.5806610867198,8.043249687906647,7.58266145812992,0
6.5,295.7797538916182,0.8972652294840971,25.58718932813294,1
9.699502379621926,912.6808720896105,4.103774940168524,44.95670660586353,0
4.263608969808337,556.8124364048197,5.581006343361169,1.4454724026207066,0
6.979110782287612,142.08077346059127,1.0672876859214608,24.22296871217157,1
7.230728756424102,76.99321628406597,0.5395445689112702,25.951446329626037,1
7.177221750511573,191.49303979749482,2.1018834930272203,19.547152430096013,1
3.8420949332295278,742.4594223741767,9.93120200357633,2.5928662075423348,0
7.385273918107034,269.1859550792809,1.2980269695227427,20.67736535049467,1
9.396321615652997,839.9964399727374,12.768340808314125,41.373165070012455,0
7.726846026935946,318.55686147492287,2.4605899216255938,27.61726512797981,1
7.2673843905078455,174.77626757711005,2.563966404140009,27.736004014921843,1
7.405701902407134,252.4713710230066,1.4772472748596175,20.519853549727213,1
4.382280829030446,1044.7159319518546,5.301656071220977,6.222212190892048,0
9.812738000152025,785.0124856552553,11.339002097416042,39.17819787657983,0
9.630759298362914,813.3177653805843,7.554333755298253,36.677517894135235,0
6.4,802.5308928297309,4.1,5.296405937255796,0
9.323975171983854,803.3241962724827,4.1,48.02000565042826,0
4.455272936691444,660.7765897307397,7.698220683865378,5.672643619243372,0
9.472626802161892,829.1517278655315,7.473624694874712,40.907208308307915,0
10.026560726261902,890.3094982479013,8.927414562004394,42.6958423086631,0
6.958102134184715,98.32386231261738,0.505055038277017,18.78255399294953,1
7.319717032162597,167.65104058479818,1.719890647515466,21.45866306430756,1
4.136420864340364,775.630877737793,8.65037383281348,4.835338899965589,0
6.937242288411442,275.42308113120606,2.4558685237683857,14.521073352180036,1
7.37618989518416,160.32974623918807,1.7085133337166916,24.26253160754688,1
7.070928064463146,243.2726814848792,0.18749482876964452,26.61999024216647,1
4.5635086749369975,1071.3456981424242,12.53219495461764,6.492556779870788,0
7.630402855439439,50.0,1.6010170136045552,22.174841587967936,1
7.459312173537544,241.12500419398208,2.7112252704000177,17.30547842981281,1
9.413092574765315,1043.7330421577842,5.002439291115026,46.710871517969345,0
6.7116625400115915,235.74980006421583,1.5485360132007435,23.581229010597323,1
4.420374184772601,1072.2074721865615,12.65413316302848,5.771913472517266,0
7.638861084701478,333.98877383312515,1.7326637834637268,20.17320342122595,1
10.204717212025455,653.3149666365522,5.19369378362388,42.15607294834783,0
7.363461124592268,178.01237594641663,1.0851080239300255,23.169061824622847,1
7.793646411414386,292.78719731106753,1.9285888670737747,23.800218684740585,1
5.152168767474274,1197.0453071342713,6.305385517379265,6.927902502109424,0
6.5,163.38934005299078,2.252655078827341,21.625563906534534,1
7.114621139315261,189.04036084460333,0.9953209240710726,20.672540552712082,1
7.819608060598075,258.315295565636,1.9228752188073308,17.2720179124087,1
7.102367810530319,60.28266195367732,1.6412170583572308,29.04989265947845,1
9.525456847767737,501.0,12.968967523410672,38.17173357377311,0
4.317146972237914,1339.6080913634853,11.097685161081657,5.057744960348936,0
7.190321757443634,153.88643389321248,0.9361313222426357,22.381401097331114,1
8.896112588787801,716.5530329523372,9.101140378789903,41.388989244796285,0
6.681267220817661,254.41841667341032,2.0517428985580306,19.66750867470281,1
5.736407660052543,763.5516351642922,4.1,3.524747469458291,0
7.053270235274125,69.49319116663415,0.08956913724537441,21.75938200237949,1
4.188066743360733,853.0514047160805,9.55948700801308,1.2483818143047372,0
6.7585642731136915,172.56969107539487,0.9929882260546333,26.47335254717251,1
7.0561481310190155,240.809948900006,2.3793382075895777,28.917203464179025,1
7.548518918982898,276.1044995439587,2.5451021731102426,26.2741982338212,1
4.5048089577218535,788.6987750681584,13.874394845905327,5.522809005094421,0
7.780457443118017,316.07420386233696,2.2832262185514685,19.64033841500027,1
5.174855111098973,1241.6092095087097,14.694489005607398,3.7940843822371635,0
6.884886499236704,285.0125832630021,1.3077493754435918,21.858319437233963,1
7.356721602161019,174.07454598328238,1.338258324211371,14.035439404181334,1
7.376776259827764,219.29921987253834,2.31591642660089,20.886758976493695,1
7.533568861819562,225.3086657228916,2.1835019640386477,22.77195856709172,1
6.969672703742128,182.5077378051971,1.0355946899463584,21.6229237169404,1
7.2909839738416515,267.7416620173195,1.161019153648419,21.99351313214648,1
7.171933715416541,214.4850194216866,0.7307586216902643,15.740104426232882,1
8.036954910274185,220.63807849769447,2.4142505427101404,15.541000550834676,1
7.329633587757918,90.26610422156273,2.4640266555531927,23.6892991897995,1
7.1849461190300605,281.0109927715257,0.12569759651271806,23.818817585667098,1
9.269012201014357,1134.2708168186255,12.633000460913703,40.29167358190121,0
7.318249795498838,228.66756088608025,1.0053316271488018,24.392688601339177,1
7.317689651605398,92.01815444950151,1.9657341741562124,20.44597173152459,1
9.366404217172356,719.4485420187166,9.498243823817209,42.34212655603952,0
9.664816766403895,729.2097224652464,8.249883912640422,36.30709633132808,0
9.583501460847868,880.8816308142834,6.184808927834088,43.53601972948936,0
4.582996154515096,787.2500156641644,8.425634127885486,4.177440151338923,0
7.539269685066667,255.51385865530065,0.8125863519523667,25.371096120396107,1
6.7729518282469625,254.56555920501052,1.4424224102299827,17.208168150637352,1
5.550211078849415,731.7600534613409,9.96788165642412,6.196349205981134,0
7.4792893254454365,90.65133093753388,1.9952203976050666,26.78871412584765,1
3.3725153056925095,716.3502169440337,11.652644065852147,8.325412032006993,0
7.528192872478946,255.42860673899494,2.2075878145142194,27.00778981805263,1
7.815172767365022,158.11392092747337,2.2044877280185884,13.893688893602258,1
7.373183930144279,66.30641820047481,2.848400098398775,27.18502683899201,1
10.01359739412143,564.3126574138648,4.302636827509322,40.76407317322793,0
6.5,144.046836790137,1.7771399546706317,16.47739131955944,1
5.074766793413082,744.0067734386942,7.423685958110972,5.477115063083609,0
7.153740687044704,153.07749843488517,3.0414097472617314,23.613198416667295,1
6.518451365269312,181.08409306113126,1.2320277633092749,19.797864127197194,1
4.500181933777908,759.911003464555,5.6896426783047405,6.5330075340111575,0
7.444148106173386,117.93978530877781,2.2893804061615004,14.92633829744771,1
9.669236552656056,527.1933670321372,9.569480100206487,35.1,0
4.362967848806328,501.0,13.284505680476009,5.853135823567355,0
6.914861686929134,295.41881323331313,0.9960073267446427,19.632495734627632,1
7.1606641492821,224.55848581489903,0.8246471836592202,24.198297264257775,1
7.339860018919878,214.3697818105539,1.645242158496527,22.0668034690702,1
7.188294874526009,93.23115144718139,2.0639022919643213,25.17304998382012,1
7.587273864213144,242.65658543194502,1.1838512375761372,23.681239269940818,1
7.205875277891679,243.53762818722777,2.3921081594942324,18.187369980979632,1
5.845647209085262,870.4077225916241,8.989876363521304,7.686016167472262,0
5.00255839249223,900.8187663887884,8.24214118017934,4.0633026228811016,0
7.469144494386728,231.41072925207743,1.6968344125371928,23.450172364371845,1
7.21520139126728,137.50748974951085,1.717330927926526,22.981994727177252,1
7.731661012052973,351.2352548124626,1.662466246549976,18.86271611879898,1
7.353195593896372,171.93774355187566,1.3156034554163472,19.14134353263603,1
4.6936006284132334,832.1124236594839,4.749002499715719,7.300257356787265,0
7.575028055050623,188.6776290129722,2.221643536856835,21.685636816124724,1
6.542724475538333,226.0462253429656,1.1088402995563615,25.643628140134997,1
4.669248958098792,748.5366998821465,8.43215669457949,2.8935872079146745,0
7.20282526345127,172.225080391019,1.6041464443651137,35.0,1
5.09661637244109,1060.2259704357145,7.0532969223964335,4.31946064409166,0
7.191639362414341,288.0657118738084,0.13686026810143015,25.980670660634424,1
7.465152507466965,91.44515442403397,2.73543966388554,20.726795943582665,1
8.02460143065456,135.5862598605699,1.1387183506899956,16.050502214384093,1
7.404316835411038,189.5259355899099,1.8939981363199914,23.067903132510242,1
6.836126633207266,121.59501585275086,1.2668666653171343,15.899258253351208,1
7.443158603886616,193.0051736978255,0.7381121350290081,27.264029678873992,1
9.35706387251044,721.739379211908,9.56301168981471,49.02527792801447,0
4.829712093794906,998.0599094199049,4.1,4.05865371003564,0
7.129290334753687,255.80695762713592,0.9483666637368944,24.316246290778682,1
7.949319110487019,228.50022309648668,3.405338503534545,26.79290157280515,1
4.5205577691010195,712.7419618011686,5.946243142576008,8.040555977765667,0
7.763738976074232,221.54358020645873,2.783727582217063,23.57952596001031,1
3.8345138974015693,819.7052049810776,6.908646411170387,6.492633045118253,0
6.969395839709312,232.33702922218657,2.4178136076225316,24.777305524597196,1
10.14312604322743,873.433081008609,10.468526219649075,39.37553717181758,0
6.950743789430095,158.02700743465576,0.7157074567445276,19.443225864999366,1
7.759742174634401,130.92051160280528,2.0496295576172634,19.286021078051114,1
3.5395078571482825,1189.4656973808565,7.409566630707119,4.002042513888229,0
6.836790369791515,163.9072913272801,1.3968618413649456,21.222034060540896,1
7.3694396262373845,102.37434480448194,1.246860323439218,17.237016797053315,1
6.998090031508713,333.22815340988245,1.1611880134645407,25.6594711923914,1
6.855486319468695,157.17466299458727,1.9644819329489045,23.56982407388208,1
7.57372796449571,73.42585893230982,0.5986763014428572,27.593935972277286,1
4.7554943561714555,873.563913688773,6.8307135916507065,1.9095417700026576,0
10.153308534647524,501.0,10.064324073212806,45.78276450351241,0
5.060327303139733,592.4409053963632,13.190350307626517,4.221577709606472,0
4.892641848571637,583.568372834401,8.9314378310178,8.608897943974249,0
7.050071676980161,221.18202487823837,0.8522254196499308,15.905608757327332,1
5.4564677600958875,752.0951366177862,7.353291615920694,3.1912097540907594,0
7.329231709246412,254.90828440116263,1.2372147874612267,26.53855879928423,1
9.437356688615282,501.0,6.036662799346079,38.23367894131429,0
4.839826666806675,974.1635103726928,10.681285392163492,2.448258000196152,0
6.985905915375773,250.66614608569907,2.5105692234163666,25.274378473372852,1
7.524558621796637,183.5772784402999,1.0610350226593928,20.741594210231803,1
7.491051817454792,190.9215483294287,0.47764937040705857,12.167322277803926,1
7.142364977711354,272.04264618652735,1.7856951389448494,23.992447982578167,1
7.808526420768981,288.466645303577,0.0,22.711319198821737,1
6.902038942077421,132.1547521575593,2.954444309638911,20.860817773410268,1
7.189989216501942,203.54870380124856,1.18482262855521,22.39605779794903,1
3.982209898214429,1003.4131087940307,11.08101323536297,6.887537569598644,0
7.406471314845984,205.54958421264556,1.2535385767822833,21.28517246174602,1
3.5638966427041052,1283.6711507144903,9.249570634145513,5.321222604310337,0
7.011584677752671,122.82356593994281,1.5222316196070156,22.124253705595727,1
10.220055060034587,519.8660290226904,8.461542980649924,35.1,0
7.801359320706861,244.25193251033673,0.5183415016033227,20.514151915649258,1
9.695096305302702,643.2316521830631,4.1,45.74060016125937,0
4.743136456432603,674.5926981700311,11.952053913956034,7.214623338681548,0
9.313612102767623,577.6298586671942,13.08654745774957,50.553878888471935,0
8.694498616057416,812.8589757175164,12.07931567998494,40.309066415087656,0
3.9514833725565017,745.7780614706411,10.369196373896022,3.648563995168936,0
5.835984396106555,774.5674407411738,9.356016105747344,2.1904695566659984,0
7.139977765186989,230.50476898118276,1.5239902699401555,19.540223589935827,1
6.5,55.4366884054547,1.1049971030966865,19.27689773469928,1
7.289565653625865,50.0,2.7428435944680336,27.165875556261454,1
6.999297182566186,224.7999186532444,1.2668736666623668,20.3836187526704,1
6.790325270268318,227.86733913969016,0.0,15.759316699480223,1
7.400366875049753,136.35543456472942,2.684642600724243,29.39146798280841,1
7.004835436741719,214.0951858002154,1.776761576829966,25.79955627299717,1
7.450203206732414,236.03965790224277,1.9510173500757402,23.484214952861453,1
4.35619854902469,682.2616601061452,5.55016091053704,5.857455986588136,0
7.8943855212661,193.67461265083548,1.2836536342832179,25.291954368013286,1
7.2398605460350565,205.8144419463473,0.9286915076803692,24.281944344318763,1
7.678628600665797,152.26967531106158,2.2266087691211736,18.22036510925973,1
4.964346480459614,638.2411763167138,6.981992466751818,5.776429983182146,0
9.37281279148672,1212.0683087673665,8.3468623712643,47.42594458067181,0
7.40290961244292,246.60570550470442,3.9703386312993385,25.663295126390416,1
6.829320676461076,211.1598236917967,1.3069120280724804,22.075162045231764,1
9.852756693030123,689.8285059342677,6.358344679202082,56.198114574039565,0
7.2733439679116625,254.41762883813527,2.860470216785538,22.489963701497818,1
6.963371444465668,228.93288489976132,2.09988287588795,23.4913689946233,1
7.152772589203568,177.3425568843814,1.5994311351813817,22.980943391576947,1
6.792134264523154,150.6230202681631,1.4448481199437901,23.390694168979998,1
5.906950798478807,1020.8350313087351,6.719058885479713,4.239062927765331,0
7.077910118258133,290.2327194602855,2.370399794672047,15.32514455061548,1
9.912926334913855,744.2670457150824,4.1,40.93355793307026,0
7.321527438241951,186.41181138578156,1.8346984028890658,20.142392874360358,1
7.113193179830252,297.91590025168034,1.0213057696502967,23.101584936572834,1
7.21363338730369,213.14358122964552,1.4176415478784852,16.67020087600718,1
6.638957891280123,131.45185078977607,0.6107465675724397,22.040084606962278,1
6.890869914184972,67.4701433857781,1.5085564838906187,26.82614289381721,1
9.77376326521781,709.5151470381917,9.355100602927818,41.455730596336494,0
4.516776091620184,625.815346025998,13.055193035999551,3.7662893337928454,0
7.851358649251416,193.74154727531857,0.8021478615185113,25.359778158968112,1
7.768947944679403,272.8334799748456,0.16563436593743375,29.795852445790477,1
7.365946200144764,227.06859535487678,0.9740581712776408,21.92664773346516,1
7.384841389705309,308.4354240884397,1.5591688886490271,14.533197652784231,1
7.55265590277978,72.19206643236544,2.4246970526784972,23.075403145603968,1
7.829594705316014,276.5362549108527,2.356755440966523,20.01913960798106,1
8.08420920063654,200.684486465948,1.9635840875117339,18.72293414324251,1
9.760488436745886,1016.5682867832783,13.988456959264777,46.909109722193016,0
7.619821086127734,160.93809260387644,2.4426001638272075,18.609491150012463,1
9.901993247945251,697.3373821988678,5.614474962758498,42.94779930254338,0
9.902619928952204,818.8352938347284,7.247637178368104,42.84361288672939,0
4.916358889145179,762.9468170139284,10.920012348840263,3.9962117700046598,0
7.4222050585369,305.2406632752083,1.8360445325328727,19.479071705414242,1
11.02034347707972,501.0,8.907840577838762,43.02222585261587,0
7.417440061837773,276.9589751257473,2.8671750387908017,23.912151260769132,1
6.875656995515865,159.7144304873826,2.722101279191195,16.918047017672713,1
8.6,821.5206872445901,4.807862218263283,46.66187620823594,0
7.464852269808419,202.40251833312658,1.630086340231927,22.42597592116037,1
4.652143509707109,750.5298145702174,8.121286819500401,4.206607640069587,0
6.773954534769851,109.8003120837569,0.8502460228563876,26.890847171327724,1
9.342360906273928,501.0,11.573705585542225,45.5686760983068,0
7.183936819742263,361.2220088368512,1.4590989167017583,22.25353357055087,1
4.891519008079293,829.3984568577112,12.000915685579482,4.257616097476947,0
4.091522187579581,772.2407198108928,11.342703040227814,5.011570229653307,0
4.447718507098969,887.6010517037454,7.928387095071642,3.7303946330652273,0
4.929115114921112,987.7222157250986,13.470076886109398,5.690541019224578,0
7.2895536097116524,271.5717750059098,1.3423161502560526,19.408510841413914,1
5.166282590510117,663.2279593307127,8.004967566865854,2.386357317677703,0
7.228020865245273,200.12952250855528,1.0581312046315097,18.694538858936525,1
7.3839888571756465,241.19068768610978,2.397956478187286,12.03535436739416,1
9.640974436904525,775.7382657220838,6.2395618531907555,37.73833160773445,0
6.8535300607142,157.64264291943934,1.548792988600496,27.180028599753673,1
6.875899025194248,266.52934289443226,0.4997667754417914,20.925513504247743,1
7.081839435944389,372.39429419065135,1.2665775147727596,27.81815384355103,1
7.473427729280191,213.40560846407922,1.8001328812165347,28.217129766444103,1
7.5529332249293635,185.97643760767897,0.9490746047466908,24.70196338906188,1
7.2239730521065315,195.3673800098473,0.0,24.21855483252723,1
9.574028706945407,858.4071443461816,9.27961787007963,37.59429345561119,0
6.5,184.34411750824788,1.471126309714558,13.385647548221792,1
7.196352401342319,258.5564402007877,2.505457623970628,23.544665991993554,1
7.076815388144384,173.59278466388503,2.0003122092623897,25.020739895215772,1
9.575608110668773,1127.6562366272844,10.704858346774234,40.37762421251787,0
6.5,222.9564683441367,2.3092046686157888,18.617791294581544,1
10.471288589415316,501.0,4.1,35.1,0
9.071749021440288,789.5034635378572,4.1,43.71491483683159,0
8.6,783.571390885427,17.29008654131616,54.32963665730682,0
7.469029480481093,312.55477967134004,2.603113066651378,22.12905924308501,1
5.954593820113145,896.5859890355173,8.108837877915006,6.983292756521604,0
6.182811102858834,991.8992153198882,13.353906820849318,2.993132378483542,0
7.2534163619129135,367.4558345767956,0.9575260231552107,23.38248137860578,1
6.593702354001107,136.85291954242604,2.7924771444194736,23.890559051960047,1
9.715369966990925,603.9372508098805,9.06069844022139,44.94684803634786,0
7.175735674474152,195.40837079407711,1.0240780221846695,24.050174513597607,1
7.227142204210962,287.6855925981919,0.3756202481186295,25.72354953116735,1
7.483321538880426,245.34173809473435,2.135615863775334,20.309726323915125,1
7.359170819978724,218.52859793344734,1.0687501492645735,24.433966594712317,1
7.252296230914436,251.71916301806164,1.8457841675439512,20.264038151136173,1
7.6376766073883795,149.37959760919688,1.8080419503162015,30.160535543987677,1
5.075745111576584,1166.4239215154603,5.098235786056803,1.3784008433606383,0
7.556153265407914,138.2607348322574,2.2219663676941317,16.300115312738352,1
7.341001987342752,268.08992787041905,1.2456815941280186,22.3115429079227,1
6.868401995631171,227.08423010287314,1.3448802139304725,23.68498951476392,1
6.720848842964461,106.26765221459506,1.5869229793212294,21.194320399692106,1
7.434545607502037,207.99095635273704,1.161246588534137,17.79623533524416,1
7.146393133330833,303.5988467853565,0.6344651993853558,20.011877237336364,1
7.200082825967279,50.0,1.0595455290068463,27.82160535090477,1
9.206857475223924,731.9960418753086,7.497105423534908,45.58584987306645,0
5.146763381177786,1159.3506930852982,7.759588796360572,6.882512793337838,0
6.799125017687411,87.6608346990729,0.6117121959218511,20.468886393161768,1
7.350279207338269,235.93749770280274,0.44542617886672065,26.28672149556236,1
5.286639851946214,961.1795554002138,5.549415499355126,3.095203229739054,0
10.138938260520986,501.0,5.424241323110042,40.552583654060754,0
6.800658383704484,230.38141088327168,0.2606632035567453,26.674321457093527,1
5.130604501033733,889.7161758503695,4.404915359002709,6.786111853422073,0
7.463698267372962,141.26133424231696,1.2810144688639344,21.776414133545618,1
9.28449944708353,759.340351084639,8.64204316910251,43.26164986685838,0
7.425187694676229,204.0958321504868,0.5409813608448996,17.90099699969444,1
5.666356354260033,565.7033740058027,12.23628912403277,5.139561404430437,0
8.6,912.5439720164159,11.336447188419795,46.26204438899099,0
6.86411126312769,373.20448542452823,2.9404678239684334,21.991047534103277,1
7.910124357043805,403.92077669741775,1.2847000080189406,24.77110307883295,1
7.635499447881674,291.54344548479514,0.9464603566402524,21.655351583602023,1
7.8134910839666,80.20426651154011,1.7461636484818412,24.59659088428168,1
9.950387565895278,832.1950995174311,6.4676684242865825,43.36760783737508,0
5.866029606946328,637.8684888602654,4.1,7.719478510074037,0
6.5,81.69783009229715,2.716589489586464,22.162091769268038,1
7.479531368081014,115.69316037085235,1.5611740002440853,21.68667660427937,1
8.061272983004622,65.38730447018514,1.3798284422526517,18.76261326082048,1
3.4421281018704613,660.3052483573708,12.793024990114947,5.466575163114759,0
6.8171396340419825,150.4182297396898,1.7144432737524158,21.891143470488572,1
8.820399365668338,710.5551280644952,7.660488055129809,35.73794407757228,0
6.974368547705309,138.19450009950074,0.5892235135260584,14.35536269895805,1
9.89298704943273,1137.1488383947922,10.3862981204223,44.410198986098244,0
9.092106137415714,646.5305028123671,7.450727646166147,49.388464365160765,0
7.320442935676697,148.05081443088952,2.3313993688969186,16.035680305554106,1
6.868601190087902,183.08926161456247,2.6652492753763926,23.369803516707606,1
5.438031856135242,647.0463420294933,12.586336507130923,5.956447880325246,0
8.6,647.568307394756,10.690123335106112,38.66841391727687,0
9.721946419521442,623.1447927279165,8.612001143233075,52.42514838130346,0
7.769099254439976,198.35515541195943,1.524033371998185,27.89792802951302,1
6.838273349958237,115.89520706885244,0.9382989720946142,21.392195506112056,1
9.95438173906218,651.6358716596484,4.1,41.349022335976194,0
7.529268233584766,172.8702176583969,1.7677033209847748,21.69504393071761,1
7.694437270084175,274.35279878326526,0.9160100598524242,24.021045372696808,1
7.485600197636837,306.4459923231232,0.9758401427859624,21.73555042419197,1
9.212345695799103,501.0,7.806733401268434,43.97902470365104,0
5.307328142373982,702.3384426577016,7.207372145016905,7.7097858630436775,0
4.660419265926576,666.443521142342,7.434749459273821,4.352817857437937,0
6.881589657278605,50.0,1.2761216054778706,20.06848912283546,1
7.279924173487486,238.90479946801773,1.3437098880966833,30.94788430824652,1
7.66938954299413,217.85224437981577,3.454546207536973,19.83351694676325,1
5.068036688160145,638.347234986615,4.1,3.695203079075044,0
9.564723321273721,991.4819690464379,4.1,41.924432049570264,0
6.562118773093282,148.99299663392287,0.7469843460908722,17.146146559388306,1
3.8482357627055714,1042.5967857098742,10.150182943152029,5.920844535968778,0
7.073436620122079,113.62109429793213,1.3419352756467706,25.758941926988417,1
7.215175134179041,219.95341501480334,2.4810502425865106,22.453337855621207,1
6.702138118675434,286.55878473999536,1.6314602366297655,23.737054599688285,1
5.67054177567955,698.9965458509647,8.239570507307912,4.758963251241613,0
6.5,232.77088949471948,1.3268648252725073,16.27524666705699,1
7.39514891394843,274.0537767602177,1.5557547078297476,21.83067241735915,1
7.646918332635251,151.08918020890974,0.2720006030242508,24.788203915358906,1
7.903448193678054,201.25457891772996,1.8017067844910537,19.122713252767305,1
4.8510814248274805,669.6591703563533,11.792150511521495,4.6365315102927624,0
9.9544687484443,644.84280213748,4.1,42.28687776903491,0
4.938171810026963,778.8950122458092,5.185460446336274,5.115245526319191,0
6.269519725626473,919.201734597224,4.610554909206311,6.870988791756891,0
7.218792237505897,192.0923839008555,1.8529895236268688,21.170735615967022,1
7.694452288722488,182.42644381192318,1.972286484466034,15.52470971205424,1
9.079475784800852,627.9995049755396,4.1,38.99173785555438,0
7.579010584849144,209.2659669781557,2.0061265577059046,19.647565604302763,1
6.7234786011189405,306.2912662598585,1.5646637541479471,27.591377228125992,1
7.275832646639498,130.5391230721334,2.0108735535873414,14.42167539811079,1
7.702859686745029,127.88994560822604,1.9791402934870972,21.787150254908067,1
4.437474830195349,753.827177760413,4.472567058982406,4.8120952687354315,0
7.211497929173927,333.5255620661065,1.7957044810310079,17.53069196427506,1
7.5430638492808075,234.265335390019,0.552371727703169,17.971220049892086,1
6.977003285996867,74.32948342992702,0.7726221821425826,25.821554284719404,1
10.391557259996253,703.5751431357061,4.4188644372671675,35.1,0
7.265904336494607,154.07194597731214,1.0589660980561613,17.33823389511577,1
6.678212199798059,255.6321979640239,2.048902491447449,27.736708146081305,1
10.867980079691744,613.4881223106589,5.908905591905415,44.32480822753048,0
6.820240444467223,144.6199736587283,0.1409025395658452,20.16926175328369,1
6.772878831368323,202.72064769825175,1.863909712671338,17.998917908892846,1
7.172546381565812,200.06044059636764,2.535637233302611,16.19993457532987,1
9.61575938602323,1026.4574749677877,11.212572793737447,43.63985195236116,0
6.912467044956508,300.1826929565312,2.678320203149271,24.858199045854022,1
7.639510740794877,235.95791302658455,2.34849044296344,18.1878381465406,1
7.348458349348523,111.0735800389159,1.7738465290661756,19.489839989023707,1
9.619283063071038,608.029939556741,15.278256841559159,41.623238793702214,0
9.67043229962411,740.212520596034,8.027870204920085,46.09454153173642,0
7.372769017869577,391.3687708219194,1.9063973809249304,25.219770294549388,1
7.71106595831537,242.56049590575543,0.9326299591248616,25.320645489385218,1
7.4300820064426265,160.16305225457265,1.7717300569583134,18.102189809558816,1
7.437240503187354,269.7757600058382,1.864482647495868,21.076855391589113,1
7.052289144301519,69.4388091978866,1.460247982879606,22.213537089916088,1
7.0855983112479555,219.08439630189912,1.5993859397118038,19.988361399847925,1
6.711148876443222,248.2475747959067,1.5112873515303307,18.8807732970496,1
6.637335561260711,82.06942943663154,1.374339797589264,26.609394555847704,1
9.824790665823087,547.3929292845868,6.06227548021311,45.992306694889415,0
7.1555095754605205,223.27176460720048,2.1117928257048177,20.293601454855853,1
5.4854360200477075,501.0,4.587199385107294,4.337895662499284,0
5.016401383494134,675.2567930167214,6.421503886819438,2.402392891896277,0
9.361520452886417,636.3049827739663,8.57093037619117,42.84346372404696,0
5.65162836775626,501.0,5.4643096836894385,5.578902145701317,0
4.953707072628527,675.9954101846577,11.22536224694527,5.511399076096286,0
3.9384979525063817,655.6607091969115,12.244520409377781,3.7333401569395273,0
5.393019216581027,1123.4717394890108,5.075347086082876,5.560582583931814,0
7.251241765964316,168.224374708321,0.7537774798606236,18.349647207289493,1
6.5,88.2305451909607,2.2659256832650327,22.59523504671836,1
6.907627984023232,81.84600579744789,1.1813607666286887,27.563334192706574,1
7.702302450229409,252.39804673773517,1.2370564374978619,13.711459535614052,1
4.321297756894289,820.1525645803198,6.33786684773576,3.690031022782562,0
6.969291467772667,234.7816051645513,1.6017990521840315,22.830169179554968,1
8.723271933168368,1016.6784287166704,4.1,35.1,0
7.405775533623499,363.74897565756464,1.6273929178359583,27.423221357726007,1
4.330929170802969,629.2142170857285,8.769732187547923,1.8644553048204497,0
9.219823421970078,955.0178823491282,5.928988812654964,41.61503167930831,0
7.405514380364884,266.41534494900884,1.5904312313321973,14.628252375009296,1
5.10353734145224,831.1158938461277,8.715674211918643,3.234805427712973,0
6.978540277861128,201.50552397924787,1.0112167058740253,26.181840961929012,1
4.162704713525199,726.9889934390059,9.208154567809466,3.062351771930011,0
7.42584237035744,145.1160194371856,0.9635531735144888,20.925288489900172,1
5.521064761596163,615.0711963103937,9.219626414800086,5.9831158388051735,0
6.5,107.0572924870109,2.2286679216584524,29.39243641642221,1
9.602428650108845,505.370824670694,11.026287521399405,40.92805534011611,0
8.829434983672144,838.7618016662236,6.6521439561925755,42.49218811962292,0
6.963014296338843,238.02924885536083,1.460057095998191,22.970411252219765,1
7.538968670860169,228.55782074135408,1.7332613744930152,14.307134855160992,1
5.822042170940126,672.3939668695251,4.1,7.253035787371406,0
4.599058290437572,849.2235412753167,10.132322075525583,6.770941165880191,0
7.667112824663923,227.7367982083936,1.778177916421464,24.22330411030051,1
7.493951114419927,240.0114426491107,1.9416129225173089,19.36270346089133,1
7.339070593415335,303.2606739297943,0.46633994353736274,29.48055477128522,1
4.717925522348474,536.1609894464401,12.028330893269011,9.9,0
7.538063188473728,221.48748648354382,2.4399053029458297,16.342147954534717,1
9.128150041547409,783.6526647937012,5.683294935975374,42.69611699231808,0
6.832246163365431,159.90127137678297,1.920513110601914,17.65315675446109,1
6.795158249895933,233.7236866829249,0.9677454511487087,21.727189878669325,1
9.482341570202552,1003.4348428340313,4.947526811335765,40.38696113599177,0
7.472781188517986,195.68761207954086,3.1272892400263923,20.86084236193842,1
10.110582875002043,702.5558116663556,10.03144992239988,35.1,0
9.717270048627146,596.392465615437,4.1,41.40288419632079,0
6.716122102863557,335.95487864069673,0.5370561378495468,24.064652091705877,1
7.474420583999376,310.7625638075125,2.5505901211962647,19.550308436396527,1
9.487584842936677,501.0,4.1,50.42223169705418,0
7.361620342725816,228.91338538184823,2.2439975851232514,20.627233725253152,1
4.918873736222509,682.6083580047431,11.097616694903365,0.4298310106612995,0
6.557006706175509,192.0724559806985,1.488402113124236,22.995575876533024,1
7.386543349778534,109.75499561538449,1.4204854868086247,21.548075507573557,1
3.5654771980366795,889.2748489517071,8.025612845537507,5.137523501689565,0
7.4053069732453425,211.4870349204128,1.4717662628501693,19.68986294392315,1
7.239227015815578,251.67123362207138,0.29937402050760564,24.297545404535505,1
4.38951491724362,745.7769703276181,11.42568961090403,8.526808091837044,0
7.433765192188994,132.6053895898939,1.4927533970645843,26.551431103877487,1
3.4541023300033533,501.0,9.528504148473218,4.4245858889010465,0
5.1928346222896895,628.3048217654716,14.302961569439335,7.198146125107932,0
7.656059615408507,201.28202258361284,1.4845789492381416,31.438457036400415,1
7.27625423650601,366.7770336984813,2.3922786947756403,21.802133714706994,1
7.179442510564606,234.76021168730446,1.5062003925682268,30.932463668528705,1
7.249281922713794,282.3530480764261,1.9856764177013715,25.179034089887736,1
10.35377444466088,654.0006656839847,13.166802172961077,35.1,0
6.929716768335355,104.02197879278292,1.1274992768788286,19.126064059355535,1
7.144694279531526,131.16919913763985,1.058348416383547,26.293650809641782,1
5.5248929614882165,831.7366647237458,10.550012803908778,3.799286611472853,0
9.912334312345715,966.8201143820137,4.1,35.1,0
7.704768600285597,300.2506259814595,2.1845105905477964,26.104349763840016,1
6.999178310258956,231.06496043387597,1.836426015343143,22.49501857009711,1
9.783380190558828,674.026530172525,13.273480698505852,44.3156923998752,0
7.981662973500114,165.29012296166488,1.2833430798509395,21.144919007750605,1
9.043597756699402,501.0,7.594609978772894,37.04786818980292,0
7.965612541546715,218.54736737078784,1.7476394416239727,27.253892645300947,1
5.872377735245595,925.7878219392948,4.1,4.6260569743654365,0
7.008937021293954,248.32967116708144,0.6755669794060495,20.752857706975902,1
7.975571599623314,184.1443458896224,2.5189203354801086,17.692181836488214,1
4.84352541052062,766.3720707901666,10.286191621587793,3.76075249062142,0
6.9584077496123085,298.16276776390976,0.8080296944938697,25.16698109603489,1
9.873529413912062,875.2651915293151,4.1,42.87257830772898,0
4.423876818382746,687.1394108378747,7.714548463829662,6.198882030612518,0
6.553947273637796,105.84303097840255,0.0,21.254254336713785,1
5.819909146212744,900.6178506673325,10.628617975014981,4.80650118933929,0
7.460556500522319,321.85908973698065,0.5867873893396692,24.13156688090816,1
7.170226628359981,50.0,2.076872027798994,25.347964618534697,1
7.571136051232495,248.71242850037055,0.2657343107675605,21.22134521990128,1
4.784767126489534,844.7198908891811,7.22979858955984,7.487883849932249,0
7.260941948813489,134.9741127730748,2.1621507096892647,26.30008485804364,1
6.956849895729673,126.2839181256863,1.1503841649803506,12.867045461539842,1
9.888146795373661,501.0,10.985052738847667,38.531510161916664,0
5.936153867256449,735.5976058765191,11.647620686596941,2.2149748657230433,0
5.581496418995949,619.4179985904145,4.993672686098675,4.175895460430156,0
7.40637568708164,101.6653121759667,0.6425000779379646,24.625626261959887,1
7.365112370774599,59.85369545986248,1.0717682523467906,21.744488668674613,1
9.34201802432365,981.5223622093537,7.020747121555715,46.30092060109038,0
10.17066503477484,820.826677604268,8.769082951215397,46.33789738753136,0
8.6,607.5002330161356,7.817943700394238,38.67707256025703,0
7.676258509914537,282.0087322065419,0.8632236924812672,18.127485608590693,1
6.824038759556454,180.98533464312126,1.4609034721430323,18.893223788111424,1
7.204093224407835,257.6908290036465,0.742659941900807,26.132759457452593,1
7.815214626586388,336.20117265036845,0.44401082225100064,19.917477573750805,1
5.009321366148196,576.9159992939587,7.895563055726143,2.4569118557464655,0
7.2955156636106056,206.38411872469865,0.17970990723428182,16.472923245729184,1
7.671776048288515,357.80337414318467,0.8680337511260402,22.679898158997077,1
8.108277143121759,102.16839843555489,0.4195843397699772,23.077224758249354,1
6.826692816370722,202.5925610672109,1.1714574735013021,24.15284642196903,1
10.053911641208401,555.5548560816093,8.13350624695771,38.59639195441148,0
9.098639141887542,688.9749688392776,11.38578220243574,35.1,0
7.60855331817176,160.64344761044134,1.1954459308965788,27.807706529258887,1
6.924324872764173,215.89440076379256,2.0124566660031156,20.136196087711795,1
8.8578140122454,637.4830971489466,10.98355434808543,41.359357927901094,0
4.966671981294932,961.8621807862602,6.612502540400092,3.8192766163893386,0
9.90915686815998,558.8835297952489,4.478546008704727,35.1,0
8.996018882543181,803.8517934702251,8.25439318707843,35.27829763927554,0
5.216067529078211,979.9197475958813,7.736574945095439,7.570973899417971,0
6.559213675241133,230.73616576047172,1.925102310571185,28.40363196755566,1
7.758273524315983,118.84162186340689,1.2520555280438481,14.201639309095869,1
7.177692368936918,128.97843907691674,3.2166589390081066,21.868502059390263,1
9.818949158129962,1071.671433286121,9.662763428079563,39.84117255503313,0
7.195164420861579,81.36124544140655,0.7823466399837969,24.717492682296484,1
6.9400939092606935,145.24066155097626,2.1691550756315334,19.553579415181662,1
4.341705916001618,1044.4804323301005,10.854154950502311,4.717968563020616,0
6.548983024846735,184.16498168122544,1.2624821690032886,17.244235527786607,1
9.58340802975914,615.0576239197657,10.228986232817455,39.038778111879935,0
7.23408377985356,151.90987578649225,1.3606562123680912,24.30904946880368,1
7.273336802295341,122.8369764071847,1.5451541810038,26.887218739906807,1
7.091550559582973,252.43230638801896,1.3504847304564702,27.454429180798797,1
6.145271124171289,501.9014268526213,4.123089875214647,3.5354351791395953,0
7.458086234380023,224.7237954426123,2.014688516982491,23.166635732756184,1
10.255641562055372,925.0579025084137,8.58881701532259,41.34149873070045,0
6.9126223114990255,254.31450320474227,0.6813635595578884,24.436955323559012,1
7.290123168816377,255.03463776411425,1.2982948163042387,15.281988828346385,1
6.8404863806707485,152.01423813441204,1.5139968403444934,22.857853069870206,1
9.824802432556442,575.0688623334013,4.909633684109673,40.57117641981822,0
6.8101882781317435,196.90056840083656,0.8856678501959665,19.781627038269793,1
6.949774919396188,140.95543330708867,2.1774561283023983,14.912413271014225,1
7.228626494887757,285.4703466955213,1.3489490115702463,25.506423519368717,1
7.500554849348716,50.0,1.7375490689293542,20.381216572546695,1
9.289507065993412,902.3111057044009,13.67218954578209,42.26186419862498,0
10.247365503634652,501.0,12.347877285211478,49.1326807720332,0
7.781304265328414,198.41645243834336,0.4139238053223113,22.430100001723197,1
8.030699193424336,50.0,1.0436779922280335,28.267418828855146,1
3.7147178117135953,611.037101951656,12.433780208478607,2.6409650867189765,0
9.181634720445972,604.9957230122972,7.0065072024325366,39.98453855122995,0
10.333898966502257,964.1153623337894,11.336980473170788,39.95542232540007,0
7.232731743419026,296.5286523891132,1.5855701031829463,22.412470329782547,1
7.558015325630446,166.44521978731595,0.15405975955636464,24.0320491642184,1
7.283075074865245,167.00689454268158,1.1822760086928101,23.34126902558923,1
7.30863153487815,220.5759176284742,2.1230404127328217,22.72122020535001,1
10.839814346950002,613.4103059653959,8.239082202148136,40.04500279238181,0
6.931751916369342,387.49232422500995,0.9014331679135567,18.921334363954447,1
8.756422882145115,997.3523234965646,7.996786599387757,47.82662799611641,0
6.811337306183486,104.16268566261907,0.8497514622774888,12.630086649338612,1
4.942017824324772,861.1402381499554,7.627614875546888,7.1547196197245455,0
5.518837398106398,1058.0850649233726,9.1648227647793,5.594334294449816,0
9.71349184193105,661.2607015071192,11.283719873661703,42.625664953848386,0
4.707375403758395,1066.7871279775895,7.157392262607025,7.32942157047982,0
7.256354498764482,213.44122724260228,2.382594663999517,28.16300950606709,1
7.731277656739623,146.53238441225585,2.236547809169941,22.011703866717752,1
10.219977020714316,501.0,7.408676036187814,38.22837680726796,0
8.840953982102247,501.0,11.738494993633834,45.922636302378194,0
6.992691912690542,110.6250830634398,1.5937708664061647,23.2092916013931,1
7.463417709069132,211.1909786271302,1.1314114068043086,23.51879870966845,1
7.623974553618649,249.1016684631927,0.44494192573124325,16.63496109105305,1
7.786259507568622,296.02093997910634,1.6746156621510506,22.75452432627192,1
4.743500418954551,714.4331568564255,8.294241350839382,5.248875195813889,0
6.8606285463236745,191.50447279681975,0.2290457168848279,19.793299447813286,1
9.539601464344821,866.4692742944007,7.442789709744504,43.71524265347021,0
6.5,128.29338731263505,2.180710798542607,22.150253405524445,1
4.750633926026229,720.0354632809065,13.010281701749268,3.6622070165415703,0
4.239877975958502,730.3144099416812,5.677923048912183,1.4382367198393973,0
6.938950408279044,206.93581595315172,2.3148421068101563,24.415125878211835,1
7.642832267714789,151.331938825653,1.7329035307096317,26.699047200932153,1
6.3430270459094835,836.2955763758112,9.367905199641767,5.024780152388015,0
9.18626941676215,1109.4621966175357,10.792619867197075,42.89699019590223,0
9.585005109490105,948.6019388100154,4.1,37.877883556683265,0
7.566531069880993,189.42645154845025,0.8857611844910579,20.399521354795475,1
9.316698715080628,697.778957534243,13.905962301153751,43.57654813385295,0
7.286710225505052,257.67975623245087,1.8046480698027216,22.28568333032437,1
7.433571274130386,50.0,0.4666162191987544,21.438897657798286,1
8.604674503521643,791.6964061463857,7.719136042788166,37.98343570796442,0
5.830981647553746,1034.1357577413,7.079504766834216,4.397561711893635,0
9.527604004496167,790.6750469570661,12.206628768509809,37.319247769625605,0
5.426660024491478,655.4806437197044,5.681979828018628,4.9700591639380916,0
9.011122799478976,950.6662343556424,7.437208999725164,41.2551416761782,0
7.502156490330303,238.03445460212987,1.0074027204679967,16.61285735153826,1
10.219097792604375,960.3210319452742,5.853987292716,50.48427036856141,0
7.5930763935782055,187.25102142832748,1.732342913395521,20.013395791487014,1
8.240673245672157,223.7261550824244,2.2151373350799637,26.745662362070433,1
5.665920430872448,747.436635340588,7.431501270823612,7.871354207599593,0
9.157222714258248,863.631865481977,7.45305589784902,42.17612653173905,0
8.379637770123491,115.90239761739979,2.2337427773726932,26.397855085582613,1
6.819232615991106,269.08225940172167,1.486477187009715,23.80539019145853,1
6.727674873876462,178.10165982665916,2.1153099081899054,17.926984394329086,1
7.153508382751217,253.7911470089106,0.554096718111096,31.759497867942006,1
9.201688153008275,987.4812564938991,4.887674910775024,38.31190818713281,0
6.656057543608032,306.03456872760626,0.6851645573159222,24.546212827493058,1
4.634803512396723,615.6564327036169,6.415007332668727,5.444755497861113,0
7.097049385030662,268.97788095095814,0.5451258043271492,25.293692738249245,1
7.697871832294715,50.0,0.913276462367928,20.59335926466314,1
7.649741343948201,138.30397603605675,0.25439275220359847,21.672503291236644,1
6.9232367720475025,234.2548998248461,2.1286821268856433,19.543847353802356,1
4.831713916978471,814.9256019633694,14.494677767304372,8.254236104319515,0
9.481495952963384,775.7025789119178,5.290389173313645,38.47574244637971,0
7.6413207528066085,187.34769245021437,1.8225774057827058,21.73533626181426,1
9.490159622835865,552.609348311431,13.818390648710372,52.25198325555755,0
7.103869840736746,398.8151933343113,1.138866280807362,14.468066213313094,1
6.636615481454577,133.0463436962976,0.5202229466871197,22.026194631218157,1
4.737893250152031,1036.9487797413362,12.175974728543995,4.624314359872418,0
6.653617715519786,292.98076780045335,2.0393245169810585,27.479124407849515,1
7.031695282527579,140.904200133635,1.6603663821524655,22.020821047579787,1
3.7273233145130433,828.1017808571211,5.14987435920255,4.98317266805727,0
7.74674970697781,115.15159468827193,0.0,19.96922348644116,1
7.109689479805386,162.94709103316808,1.779459735057529,28.432268988690915,1
7.013677772352735,311.277788640112,1.9333582185716072,18.295043549645797,1
7.938682930294414,242.9032727613752,0.9295922957634591,17.622022556660415,1
6.886493733765442,225.59721529161305,0.949399535909505,25.844373828928333,1
7.2746436492625435,243.8655702043599,3.2923520715489785,19.844860648610446,1
4.340212816398109,637.3954295662355,9.002899891253024,2.7216357514725007,0
6.4,770.5689389566279,11.404772844797595,4.771659464479039,0
7.47452738278268,267.0264428183585,0.824574689869531,22.515398485423656,1
6.4,840.1648579348947,8.99900638834712,6.1329309682190685,0
4.872537137992519,682.3693749358863,7.035236946722878,6.739524116352584,0
6.634514201238008,239.48481634674334,1.0403631504402067,23.602949014766452,1
7.281385454346889,194.86526709689446,1.2671944341050876,23.100009193167242,1
9.199897887707186,877.2452128209163,4.1,46.75776039039543,0
6.777376942895899,89.95912883450059,1.3400692193333217,18.039945144387442,1
8.058059651109355,55.690976595010795,0.28255639347904005,24.084919962578166,1
6.959913249136482,210.74371977982344,1.3715302794899928,23.590550007105115,1
7.111614330468135,353.8756635859962,1.4842947636135986,18.07621309194652,1
6.979785260203367,276.5036001673077,0.47886912522851466,27.29336368995975,1
6.710423893295098,76.55054176457037,1.0596734971574724,19.920663417099096,1
7.337515152619955,127.29842633536214,1.5648393115642465,16.281103027878515,1
7.870574924910113,304.9586990859157,0.5753754022456873,19.75564347607601,1
7.31303198019532,255.66910712750283,1.7057645715602137,22.717656684195365,1
6.927206300800881,260.0879563605848,2.2515353607353,16.005458011403153,1
4.4244220925296505,1287.1970248458488,9.040347663782589,3.592526086550074,0
4.0452969500449445,625.4477858422923,7.752229023750464,6.136704297085286,0
7.299288234520135,96.51938998367234,1.5724767077644228,15.702633129072147,1
5.378573652649586,890.5248059960242,4.1,6.008514488968303,0
7.14981829599884,295.64251104693676,1.1973891699333212,21.839851169915605,1
7.110093839242927,155.13912744161118,2.493618976558487,21.138446844559695,1
7.454068720672788,149.60923581089517,2.447417553334842,18.873311710612448,1
6.636995322112872,194.8249115973985,2.1552393175552114,24.50236521002624,1
6.7509820775022344,138.86505706897228,0.759514366972836,23.608791299649404,1
7.331803494229204,284.8115054937016,1.6121882001923038,18.091711415434396,1
6.824048085469058,135.60268153179513,1.177113064651185,19.789228184866012,1
5.397105317223076,523.3065375088029,9.882195456864022,4.931486361791984,0
5.469441480588524,645.272031012374,9.553162292081218,4.385259360605537,0
4.38467014508628,952.5916513427943,9.804740136206538,6.494373180250187,0
6.869107622579071,121.62230202265546,0.45057315862961134,23.23618734009614,1
7.306144939759852,259.49214204321385,0.8829964063411032,27.08412039772456,1
9.093437953076807,1018.9868111283859,8.542732025675075,41.209053100889,0
6.143615726820794,657.8616015065978,8.616239811373253,5.879020037638236,0
7.43467752059011,193.38279808828054,1.7867797406225847,19.957264247217395,1
8.6,721.4482095166381,6.294382085332998,44.58742451440221,0
7.506432111353877,232.84400682620932,2.0179608359655212,20.450034740378264,1
6.892010707576543,375.6978513722239,1.510519425200968,24.525674425089626,1
7.405234168038917,330.8638244908652,0.9114596770709625,22.780648188567273,1
7.342806194386019,103.43826817142275,0.6663584458183913,29.812238782159586,1
7.3207167599277865,195.40874375987661,0.8134483941105086,25.614082735214005,1
6.892343060085081,200.70269239185183,1.4205062046466839,21.465489081092915,1
7.532134326617698,299.1667205153249,0.8839916128164653,13.763358065230719,1
4.942731445684897,657.2575072268796,12.496875388002595,5.480461251540895,0
7.091337955869579,207.28748850047305,1.3815078931671627,17.67893176087723,1
7.487274290283174,207.8261739766338,1.6968481778088458,25.904554760267686,1
9.96382276590165,819.0606798307235,13.165892864396525,35.44428089106512,0
7.527511057501944,157.87746503231656,1.397463530490287,19.431491304673585,1
7.249419078382233,50.0,0.9395867603563263,28.976412737863914,1
7.74745262301294,285.1152790048685,1.8567824618572593,22.092417384002925,1
7.1787517387929825,331.48332072964234,0.36657886043889465,20.256570580074374,1
6.979877938461832,118.42437442329145,1.6000934443664516,17.582192688580015,1
5.383202099273591,803.5945158736616,6.9534440084264,6.568340347448952,0
8.6,798.5657578037346,8.14131409327794,35.1,0
7.0049575103710024,251.24343480598188,1.4243027067260083,16.110583753956888,1
8.746250541699125,646.1709440386765,10.131273602274348,38.43611057586203,0
3.385412710855043,650.3856391356665,6.836849400525297,7.576420942132167,0
9.899832257673788,828.0586851401088,11.721150303816266,38.75821814838749,0
7.116274472168255,209.98016797311476,1.103844008375316,22.490915630821934,1
9.188634709498126,1118.2430581764588,12.372313848111308,38.47335834528666,0
6.798988254144876,186.74948717458943,1.3353082630192927,23.93013483928474,1
7.327912773657015,50.0,2.193833779048666,21.928551380449065,1
7.332792132227606,391.0697594296351,1.000154417412475,22.18484641468367,1
4.568456164977265,501.0,4.1,8.435160410088637,0
6.950261844114711,233.50079681019972,1.9292858812628007,19.822902268301846,1
9.970533275725966,501.0,4.1,42.767136901926946,0
7.580579710823235,212.84715465374077,1.861477667450605,18.727991261033015,1
7.3639274627714055,246.18908200853292,0.9667677405221481,24.35262905774346,1
7.472543804177179,56.48631094464295,0.33999949040738686,28.54848716000682,1
7.382912161846097,231.22929555163006,1.9855942787753298,22.869893932056897,1
6.911304978665099,104.97878080659785,1.663705570706473,21.363402113849087,1
6.612989893699024,147.2768580089084,1.7424188971574206,21.268393730304293,1
4.685759186495086,813.1696995131837,8.332641508678511,4.241041487976512,0
7.18053905937182,334.76198676827613,2.3700037940008203,16.316424059106225,1
5.041616520351695,953.2911919699418,5.589771620622689,4.658814670419862,0
3.9401335554378925,697.3206638447878,4.699950073776012,5.335300310773311,0
6.667506818576889,216.25887636688248,0.760452050562318,23.25609040994446,1
4.229865172472779,1000.3740827082177,4.1,3.3252358313008505,0
9.732131871617897,643.9913683700096,4.1,47.93563626204013,0
9.819868753349448,682.1641900604707,4.1,48.017300284501985,0
7.140887872473011,240.40168706190136,1.3130037598407718,21.828702483697924,1
7.194219091648688,250.87742005693903,1.3123026025307658,24.58697574167458,1
9.799297545722196,777.5472465617405,12.64675386025461,45.251555987481716,0
6.5,215.69927525333765,1.9255632969040277,20.51627558556933,1
6.5,196.21034379644513,0.9244840753174153,25.551215742315392,1
10.020321221399834,917.3030315236,12.963904245206265,42.00035933529431,0
7.399288699398714,192.64345739165873,2.0535315185627705,14.229717714250373,1
6.8312560747498745,219.17020145911982,2.147697324901782,22.473400804493746,1
9.038511550812952,782.3479539729917,4.1,46.79353922480914,0
7.005108574354579,407.0327178824548,2.240460705279343,20.003192006896278,1
9.087106437372746,580.4147273865907,4.1,56.65160142746255,0
5.610714463665576,706.0084253653697,10.390807776975787,4.588696176293227,0
6.708956873945203,227.03660225856947,1.072175993586471,14.667318193205091,1
5.795202230695077,917.6473589030118,10.395514713847007,4.543790631096967,0
7.53625741959549,227.80492910428416,2.8384038283368884,25.381093188168382,1
7.621261141333162,173.95111582811973,2.4794595650498117,26.980164032893025,1
4.522940248726464,736.18741604306,8.053565904446524,4.931656236931345,0
7.151847534418561,247.4024245854209,0.5667963940659538,30.46404822732398,1
3.8745515643161026,683.3314134243024,8.445391044640667,4.740327348301193,0
7.2835454380019025,172.5960639313788,2.1037804392306194,22.13209322877213,1
7.401618606207138,155.1513890522152,1.066613936225048,22.91969738167175,1
7.83098131190539,132.40468491252028,2.314363238614485,25.183455249364904,1
9.314467985549573,786.1089724297962,7.685683964955397,39.657611746340436,0
7.745656171989538,245.6943524975367,0.46456278714956345,23.228012240021446,1
7.685239079991674,50.0,2.5055006636912065,18.957597342299444,1
7.77939969195717,259.1740374494267,1.3559120980550592,15.274492433138944,1
6.5,213.63710167972567,0.31351859303837126,27.38776497755598,1
7.021526626714088,228.45351588505835,2.4444253342220934,28.061272377295207,1
5.405227513108734,754.9303732573985,5.4452245024951935,4.273501635494339,0
7.180915457543208,110.12047734083217,1.029795447519346,22.975563766481805,1
3.6973967618278607,507.0586636764866,6.441826033728371,3.4678390877061407,0
9.225597488611417,703.928065501729,4.1,46.76409388611727,0
7.811387370565013,171.93204559388204,1.4860571225901882,25.41961569054561,1
5.405109397786315,542.3297161591918,4.1,3.2877983451255393,0
7.191453082260626,114.38467496845347,0.4271212203533863,20.246290531138907,1
7.27874449434765,183.47109762431626,2.0721143426168283,21.970076813037014,1
6.632653706826788,233.6559704814783,2.360199585140392,21.030498167579555,1
5.136332334074489,870.6787594917913,7.8693629837633585,2.32733622156911,0
6.898505534257004,166.7226457642113,1.8068888896476516,23.368902317697383,1
6.5,257.26981957527676,2.1048489874972627,32.2910095569779,1
7.059231472873397,247.2908894339146,1.6576796773885196,22.92659228644369,1
4.883324453622248,758.2987138092499,11.327623947760191,5.20009725555549,0
10.610160929002442,997.9198659180942,12.26778559336993,35.1,0
9.425910733250886,650.5565383026512,5.341662045957049,51.58629767252036,0
7.068220885461163,119.44581112438847,0.31890464425118203,29.807716358069694,1
9.760797580176254,618.0735654510595,11.659829597698494,42.590138569719095,0
10.030892383479161,550.3394396261364,8.897550382441395,42.45041738770053,0
7.2096877826691035,265.1184688158193,0.05213699919827741,23.09445832466282,1
7.355431441812386,240.68866985867535,0.0,18.00571845407024,1
7.471170348535708,212.57023351927526,2.1521661768076665,31.39643423210013,1
7.157620658278346,289.7899374962528,2.452117691579609,22.410762066994348,1
7.6575016172827715,114.701205448062,0.24484652146132735,20.64532378446497,1
10.028365215387838,835.8859042589867,11.917329734862562,44.70791465999706,0
4.667926930619737,1011.6272225134844,6.943458655641238,8.493979396350992,0
7.5228490386549245,101.10913631756301,1.209558605315771,19.58681260488738,1
7.6266698758356615,136.00475946384526,0.6288594850777941,20.547297765068734,1
3.7783033637313954,799.2174981409843,7.553351611937351,3.5209788574118948,0
7.271080400373302,187.97436317825023,2.3413521686776804,20.169292028046268,1
7.462621443453532,225.0547579091984,0.40476451086493714,26.76469217976038,1
7.459075415240277,166.91155732626845,0.8405578714980286,23.99475964854218,1
6.771578528140381,233.3972071857036,1.4395634992272912,16.53069415486018,1
4.703383522671592,806.7913770330337,4.1,2.9471317787282296,0
7.441274972432938,206.4866034320659,1.7903491234554687,16.641928305739853,1
6.9876012179992735,85.34785483802304,0.8044848972479864,24.742625570054845,1
7.336935133795849,312.96215028345995,1.332508796993704,29.811778215998025,1
6.894685558328567,223.48300239749125,1.9225992683809374,20.69704442726952,1
6.087508178584596,1049.265962214989,11.384007878604523,9.9,0
7.447661704402079,177.79645949475588,0.3989075200489973,23.99823563299681,1
6.955292363637886,198.06137329042463,2.2280405235553724,15.711077823687482,1
7.400337789977783,212.63794498011615,1.8795421048363339,24.20051392487152,1
7.184596612199718,223.97181502698785,0.43436597720277925,22.497539067630857,1
9.206538697277452,668.6846073306157,4.904006325904283,35.1,0
6.959115175855288,229.61695119533928,2.240719065676871,20.930731907328763,1
7.065944887531419,246.34774078054207,1.644997605744998,20.640065110593923,1
4.502724763863453,905.0289317576543,11.153365243273996,9.413565449230202,0
8.888818596497874,978.0816010373683,10.817087472497438,36.65298806382252,0
7.444670515536347,137.29971831004573,2.098081400784504,20.65933210709446,1
7.072378425733353,238.8947833249551,0.5616579510434944,14.384962377421626,1
8.092520058477053,306.022087234963,1.8953523741353537,23.374390140712865,1
7.442689223654473,189.6772707896173,0.5030826798686807,21.011682252769123,1
7.355845670948362,251.09417119042408,1.5052921262758934,26.53907445946706,1
7.273533806529002,223.61860600324826,0.9288633253960129,21.99808512772598,1
10.10413737032607,501.0,7.824733068440416,42.70212933722417,0
9.252751013092512,853.3043299956402,8.186452718257181,38.44858981424461,0
7.021798991439692,146.39078396366136,2.024497789815616,21.295463209156885,1
8.84366971960036,806.0567273105928,11.937647583020677,39.042558714645416,0
3.7834227762927037,501.0,9.738496212801934,6.850581099370996,0
5.55195222151687,540.6174773456034,9.791168299215622,1.529378592814457,0
6.898632851861526,246.82395492130706,2.083225601889127,24.31630520350201,1
4.117778900943745,570.2833369522523,4.1,6.3092839856490075,0
8.6,743.7412694660861,7.090741768663958,38.70888878124906,0
7.472756595850525,194.87377886810268,1.626206416352411,24.17783947810985,1
3.5959183749830705,667.7024229436961,4.525994580433304,2.4312611833816518,0
7.849871383387825,239.14036280610622,1.0537587956224919,21.56322762199779,1
6.5,199.35094387105997,2.512860902470886,23.344301650021386,1
6.975013289642293,160.19433292918342,1.5234672916720113,23.13515211135232,1
6.744925731830073,341.32094402621067,1.9072063554793541,32.40991949949725,1
9.789788923556923,668.2735838089939,4.1,45.65040046268798,0
7.21366096699521,255.9135748064631,1.228002245656158,25.13386259329894,1
6.763613427913921,211.754823870935,0.6911837443276383,19.154720357813726,1
7.372016658876428,182.0544823297516,0.026792040864267452,22.702694849967116,1
7.014632922875015,192.50910490086633,1.4588957010267598,23.367015682854156,1
6.3350464650405645,825.0817358951689,6.942563163240056,2.358716680940387,0
6.5,282.9042313657984,1.9953142753822337,16.743201881507563,1
5.982857665649598,578.5077182744619,5.66136657392187,5.317099306319285,0
6.85979181831628,293.02708620279884,0.6938232236759596,18.617242754213912,1
7.288853508653485,202.77709990020495,0.8627729606502013,22.62938627069231,1
9.806313188668556,654.6221233590576,5.974882965741596,36.30471666930145,0
3.4778990108548467,801.9627480792809,8.452602885534688,2.1533264102372267,0
5.516866592969484,971.670246601078,4.1,4.994628548273515,0
7.068552609700406,114.10490728657979,2.27474216303703,21.22877565077035,1
9.932292395875885,838.8042009011599,6.225062553972663,48.9119137284497,0
8.785366560164427,698.4937312948463,12.189397101367199,36.32304338063384,0
6.715531228287688,224.6265898011108,2.2392708761689923,21.622909131076135,1
4.994932687627795,1141.9526503329148,8.603142992845083,7.240113275799565,0
7.4836015030354055,261.50717407751176,1.2604959442109327,21.061969859416436,1
4.876881780811492,630.8073934741496,5.604438823447916,3.150615538952936,0
5.176103349990221,501.0,6.143049647341631,4.894776253287248,0
7.154184061898953,381.7159796338237,2.1160461740701395,19.868025122296185,1
7.2789169062524826,212.11224383613862,2.5607896707437465,31.7047120153671,1
9.397353739185743,504.18214238049563,5.452581060461024,44.84650833944691,0
7.3031010160571,292.2118482609354,2.317052413313061,21.708710269638633,1
6.577348330590438,188.7699952875731,1.325441262379263,24.169695878128408,1
6.5,307.69806049621985,0.0,18.67971801948305,1
6.964254097222316,302.157230887055,1.8538904972505055,15.73216251533059,1
9.645456700796165,817.8456573749498,7.399596337315587,35.1,0
7.512729148710925,237.60353498945616,1.34592038812162,15.180856376839543,1
8.990578765312675,729.7330129088576,6.0361909372130365,51.02059545982202,0
7.402188063666651,243.0747965773162,2.049741922107198,25.962267309771157,1
9.022122821088677,943.2524992937058,4.1,40.44086473562724,0
8.17590096253571,263.50547737150526,1.4188020493749265,24.004360037235088,1
5.408588439685818,1034.5788557262956,5.2862263588607785,4.891297451199596,0
7.530039305867054,258.3250916001891,0.7437148695050488,27.77737364791978,1
7.3639051183838,337.27261049061553,2.215373943674699,30.709281524168887,1
10.1900616447927,933.6666459212322,10.586172771639635,40.43419238559943,0
6.97451017887841,343.7088658341571,1.4684139767731639,22.084890603337033,1
5.674840232977696,704.7601679202025,8.603200970094177,2.1029381159325995,0
10.081641066397104,501.0,10.186224759397277,46.5831384436142,0
7.994910399692324,50.0,2.4300524880812504,18.75132211309468,1
6.70088672721406,355.29739491709995,1.5977575826957455,24.693891184632925,1
6.587556998977711,185.7923204193009,1.929422115970286,17.386069876445426,1
7.415502396978548,260.76119099888865,1.7706103609336346,24.364362125300886,1
7.878020416172301,122.01547392617265,1.3569509913480462,28.313370709989144,1
5.094014095326477,743.5375916150141,4.272139565165254,6.636351050942949,0
6.625655139528225,130.16311276370396,2.0192756060730885,27.11373983186286,1
7.330453208896848,154.2603166435151,2.197941549517549,22.495627266084284,1
6.897846827058671,214.2781331108312,1.8627532653117882,17.372014177342542,1
6.71988143717769,186.17586100828285,1.0765652652502777,20.801226016268444,1
7.075893297362618,121.41571356981484,1.1297372660927107,18.01094016812634,1
7.430622785222306,278.22524397489605,2.226026983954335,23.086734338000124,1
7.390543107742488,258.48005014283854,2.4879498032219374,15.329338935236553,1
7.382701287661514,180.83984623826,2.7642623824858727,17.86160816157338,1
5.077101698491228,501.0,6.189686496534177,8.125337010461365,0
7.27862191060463,207.81363013986683,0.025177619761743486,26.48274282569038,1
10.354854014337759,921.2299399516938,7.01350752023828,49.48001584777763,0
6.5,98.24647991098217,1.2634855571683352,18.798826873570494,1
10.408396618331187,1228.5422068928374,4.23153417647784,41.20028925850583,0
6.082761249180895,1105.426476831026,7.7066150087473915,6.858379123095421,0
7.08389018232454,210.10141889872546,0.7588398962265263,28.29834543104937,1
9.755049365603636,608.0535330334131,8.244934127054762,52.958851660254055,0
6.5,178.9802601850797,1.3876082733487418,25.722133277298365,1
6.856656887927515,222.18867695717407,2.9449540943966874,21.493343890609346,1
6.695646418265982,248.2598000457115,1.101210725951988,18.773920670173755,1
7.497072967343889,252.77199984658964,0.0,23.750024813892146,1
6.881241897811809,225.05057120105243,1.241476860889268,21.49701481001691,1
5.0822513945240555,763.8693235908559,7.685538902178612,3.6058421743986067,0
7.866189777785031,170.35337900793738,3.5547843444719276,25.692179308907047,1
7.112927518709112,105.4500699663359,1.3704316454051468,29.694053950413817,1
5.91271678172022,1011.2060743131427,11.133579289454422,4.524372235703159,0
7.013401848308721,261.71214359230135,2.789270926570625,25.16268927476291,1
7.368768301694114,200.18303489148033,1.3708139904698384,17.85468321264735,1
7.208508630694425,319.7368325956785,1.321866746348261,21.09710947355146,1
10.509599626355632,670.3170382082375,10.548368765312993,35.1,0
6.975084988303611,283.07030808154536,0.8970832942120245,18.09221704247247,1
4.311580905615009,549.9948688824792,10.998142839178369,2.677511095039284,0
7.121413366628762,70.12939760470053,2.0458800485285344,17.668637884526625,1
6.220972767037023,501.0,7.190778180165027,6.411097129591973,0
7.629452699943909,348.44026518354104,1.6801611744921445,17.881556115642397,1
5.759410539425847,1097.0433168294235,12.398935408753578,3.0799789556243438,0
6.651239542827458,112.63030397211463,1.2245934726078147,23.322453044361623,1
5.216410780373121,704.7964504802114,4.1,3.510254429447452,0
8.170686594538209,170.78072180081227,1.542549760750912,22.74437208350374,1
5.626928379381367,501.0,7.7033821230215525,4.703154705681601,0
6.668725580440628,122.98139477723102,2.074162678814189,25.09609109628421,1
7.3606846888395765,91.56419975101686,1.9782486828007482,22.55727852291824,1
8.77269262571142,515.939643985861,7.913295429506417,40.831043162001414,0
6.771643000775555,111.70641371757046,0.289571977347606,21.135994313707545,1
4.936997691004287,501.0,11.767032577223302,2.192603230509515,0
7.3154894651300095,231.4330808438573,2.0784956269342363,20.796258828119466,1
6.5628025065873326,50.0,2.023211479998939,20.661584581878817,1
6.758054882774992,248.98657712020096,0.3344122925871691,26.928816949655644,1
9.178063994445823,819.7648090032864,13.254227221246733,46.244183979897606,0
7.674812122224152,189.01512273688962,0.9109853401096941,20.064062641597786,1
7.49230564762661,365.4580833204659,2.0518041596452026,22.725844253922556,1
6.706990674092596,257.32714718077216,1.019287323102854,19.845094878614233,1
4.580925463749284,510.9200326438484,10.88408107945644,2.897672787299612,0
5.356758221700242,910.2511844669419,9.773868767880419,5.505854408426252,0
7.567326642400926,132.29122240904218,2.0108410559239367,24.947053380671587,1
9.28393947843529,743.7611975605141,13.395244937494457,38.640119233232525,0
9.86279508774116,646.4985926652379,7.329804750973727,42.840128008797656,0
8.17830079184673,255.42846046542493,2.0372355411878913,20.198527234973326,1
9.162031167598087,1037.5183636036027,10.113015803442787,43.69570843103935,0
7.867961801740563,268.00634659340426,1.2738703418588952,18.722633629061704,1
6.960249990818491,245.58082857589176,0.930192531495911,20.42659550070851,1
4.921599226573328,1058.7635381629452,5.342793198098736,2.3588074205067993,0
7.376005780021333,204.8068795692131,2.1152747811494557,22.239639096318015,1
6.669411148675567,105.67134285097214,1.1429552349327423,25.366529023060302,1
10.140176010418568,1191.065243229958,6.025659520724917,47.575651259164076,0
9.070280906602344,606.4687143422957,4.1,39.12967643215981,0
7.112781641843051,155.23629717684247,0.9607026406034849,21.874114519185266,1
10.03755172690447,760.2795689293031,9.465560415422026,36.16301509966194,0
7.207373573226158,239.74988724060776,0.9346860619311929,22.008734363348143,1
7.831828858292285,105.90613307561755,0.4531209244512573,15.247862699209287,1
7.4328390813874465,285.9466403816195,0.38990805172990695,22.582467987307567,1
9.005422741003507,686.6393095808364,4.1,40.55553792832976,0
7.547661836998759,122.66384874378721,1.2435608260035695,20.032933549375187,1
6.8866986830655055,276.12398164592344,2.2629334713635814,21.22767170397355,1
4.069597713773245,532.8786666707279,4.1,9.416696528679742,0
7.222289964915478,76.57587878322832,1.0862870809865977,18.54724115133269,1
7.5900478933671005,311.96757161166346,1.4198084007692362,24.038054255718745,1
6.840634131460657,73.84028142472022,0.14069893843441594,21.5213643901074,1
10.338842045449905,959.0042918538345,11.11240000869513,42.139832719893136,0
8.756355103396286,523.9220306551865,9.303130766085104,44.65244899264936,0
4.870971653071084,900.8309101900556,10.047957521877764,4.499184012863985,0
6.912338672303032,130.04514813280656,0.8725427165223735,22.80829802464525,1
6.562228936482253,239.31435621761597,1.7310796533296604,24.860946335564932,1
7.284406986881048,85.12723809051779,2.250779259700931,17.812312999572377,1
7.618839321044862,144.88915659396756,0.9521860462163068,29.94270564405936,1
5.36414053589506,736.5543223557049,4.1,2.203285851079555,0
5.119008586668557,613.766947844608,11.027884867339427,8.421617088228633,0
7.015744491616085,292.72592519647185,1.5013837913290675,27.113123789837946,1
6.901115328340871,337.5232490273457,0.7099865288320759,24.446406246198734,1
8.6,1095.222974913153,5.882044503503268,41.84302031466988,0
4.811302828373059,501.0,8.681941386476954,4.66806318441015,0
5.651784577297345,874.8433469604956,6.749883549226827,3.1680648372696965,0
9.701328490823581,1041.4851498313296,8.841724897875856,38.23444209901344,0
7.548027092275502,324.7031347597515,2.4198524870672227,19.314769634515656,1
7.098017682578521,220.70158441951372,1.835737723686101,16.421886248538094,1
3.359158073716916,748.958773112075,7.56942599173113,7.571000992968827,0
7.365519638980599,294.2810151838738,3.682376790445633,23.721450566025993,1
9.762115089976016,1117.2228262842623,10.645089280873226,42.725743480851776,0
5.926015684647966,1005.5767782866819,7.269556791101299,5.389548011256134,0
7.667835996971109,104.76738114604078,2.160600854029231,24.439805549327907,1
7.235362754516739,252.6210540920299,0.9397652156842874,23.96801621641184,1
6.5,288.3146837361526,1.5153221748153844,23.30194044929847,1
9.464683010174014,1186.131651811252,8.83676929150233,49.47002623853773,0
10.279192005940391,780.7711424151021,10.120926393411798,48.80147496474955,0
7.208524659468777,259.13443957612543,0.21640596265939593,26.891231688533633,1
7.36517258171025,240.22275415161553,1.597320080867188,22.131094550223125,1
7.503587688197307,342.5439127016848,0.3510339190785323,26.808996013444684,1
4.733568179408865,624.0321387798026,11.11651913594628,4.6600416275781384,0
7.201218408061366,215.35181886984287,1.7883670993432665,13.993175993097866,1
7.013708098571898,306.0637318033752,1.812575554858498,16.80669624132439,1
7.688413478210141,160.98357016410043,2.1897797980150346,20.354958278066068,1
3.8398694663706383,1208.9877596062051,8.239365294296972,6.462075050771071,0
5.576791322744736,799.5776640030354,15.451297977762525,6.67849569078119,0
8.971374268989948,796.810054604646,12.525008294173187,42.487181434893294,0
5.012726926719705,1296.1301835024285,9.028560397344943,6.499110074890257,0
7.363442923080707,154.66359135559577,1.8299738839354935,21.308746592426374,1
5.5754620814635505,877.2049237417119,12.590142324684887,5.978479550824712,0
10.26042561603189,810.2152608930156,8.60535532211286,47.88785207074732,0
7.383109146460755,286.73585952348344,2.7653415639694803,22.57075364880652,1
6.620563434146582,157.35276783873334,1.7879503418060074,20.987652635943558,1
7.503168739969448,232.48448979424649,1.6974253473235543,19.129443449557836,1
7.031741870893857,268.44445272165694,1.66142759413635,26.087852620240014,1
5.926933618673042,703.3032183192367,11.033291016760973,5.431091270019904,0
7.715901101633098,75.87902007528568,1.0682572469362046,20.280399579168453,1
6.8736758860138245,248.65969533479748,1.5927480004469519,22.178278443557087,1
7.269831125132736,245.79122489405407,0.8974702388087262,23.792313364051566,1
10.172937501588859,892.9004330428425,11.483634207234843,46.49520766418562,0
4.621846177821142,501.0,13.064471158708372,5.962990641134249,0
8.914668734899905,927.390507998974,11.073055369579897,39.65669745260101,0
10.03781339700883,820.4764396695306,10.274197118521904,35.37607044800387,0
10.075068401839808,702.2400403298137,4.873475578704666,38.09891425931179,0
4.597314609560422,725.548695974859,10.695883600191456,7.139383363479215,0
9.038890361432642,918.5042019521744,7.643442553937688,35.813725085626864,0
8.605477422876838,886.399312673922,6.8964101189105484,43.40678268769185,0
7.008330304861884,225.396260900014,1.5345297160563904,21.591587764434244,1
7.048348903605005,52.6481781633714,1.9817437145170178,28.742807016139885,1
8.758097072483338,723.9892698799387,5.30114402736263,43.65836980817639,0
7.873571076583148,216.38071059214275,2.0364719336006796,22.49411680736437,1
10.089712234070214,939.0585453328771,5.901292164264735,49.50638441755864,0
7.4518118336887245,202.35444733420417,2.179988650370652,22.272827130411347,1
8.165046168645166,89.55210352802791,2.2981753868698434,23.653488116521583,1
7.051117289571579,294.41025389932224,1.4488248885937431,22.913928710872767,1
4.580112431740452,830.7298258593238,15.022167834577031,6.643077634616421,0
7.292901478864402,170.0142354702555,0.8904905598493811,24.30224770332146,1
7.124351843689187,265.54986145115254,3.864168043357852,26.949479174254396,1
6.81778382375983,50.0,0.08062590983040607,20.259007211979327,1
10.267560869906326,719.281332602618,5.647665397831283,47.14239504595055,0
9.232613871971099,604.3851474672895,10.5707158115153,43.96273907618703,0
4.00288520116867,936.0574331435514,12.36649487623683,7.714682991432567,0
8.6,751.8594856305381,9.182335791112575,35.308290873390305,0
4.666187707742085,1098.4529018950118,5.558084612328465,1.3481978117747886,0
5.602570757132925,770.3141197871629,11.784496972407151,3.495530926945115,0
7.230173455560637,253.7555686251598,0.7818246277634555,20.720670943487683,1
4.103840958847057,502.0127590719555,4.1,6.021357766332078,0
9.265937733101905,648.0696478333244,8.577106781112533,41.75247676967466,0
6.830706701555639,153.12578613457958,2.1259629421506543,20.061485741599675,1
5.193832948641854,922.8072527914417,4.293998062089561,5.197774431710367,0
6.616979400214028,175.55115086769572,1.5417843164058154,25.666270455110805,1
9.263238309222901,762.0037153005844,4.37202659666476,35.31865181724323,0
4.711130269290504,907.9447359476615,8.813102758583733,3.258202359064131,0
8.6,501.0,10.546416373194347,40.37272835547497,0
7.449139972938999,50.0,2.435878351489172,29.221667385679122,1
7.27393444947795,363.36608321149953,1.844409996396829,20.017176213700402,1
7.812947089871247,117.10851424198425,1.1831168960433267,22.17625853965175,1
6.92129127262817,399.7932101135883,2.284655558684372,15.546527055180242,1
5.632494175071982,1364.8334018805458,4.792687126502111,3.5511204797934486,0
7.304422108871956,246.683544240951,1.5612316275765175,17.081894995130455,1
7.796290454739981,215.95391887894138,2.4768038575394296,21.39868650494516,1
9.570233487867428,884.4287384390525,10.304350857292082,44.05460496940886,0
6.977030778756672,50.0,1.2032692493671828,28.020783995516158,1
7.687183660922224,89.47266252291351,1.3946723009535125,19.74460667256056,1
7.3892950498294185,104.25690828589508,1.7917611021381796,15.163094403189616,1
9.040050914776923,989.372292329236,7.865873729721244,39.11987414761666,0
7.79266536098504,151.69293620054506,1.724131498445311,16.798199084312344,1
6.290224186157632,739.8371739250315,10.648774416760256,4.60494279141757,0
7.30502453160077,188.919020431422,1.6281090498180375,19.71228581520627,1
7.125211478805822,173.07579280974613,0.23351259978821948,30.241690793778794,1
7.408776626246759,191.14677051541364,0.4656713151563887,19.93607604260368,1
6.9597445240324785,159.2154645447294,0.12411087596644643,23.18089903338097,1
9.516783824034503,915.2457439191252,11.018752398298146,47.434578088945,0
9.328641111560927,702.974011580026,11.078042377121893,42.90635579757028,0
4.605692070093025,512.3146562449192,4.1,9.9,0
6.767574668960041,297.4555769403405,1.3335350738018423,32.12147867456676,1
6.864565680621108,147.42920301775536,1.6945877081532457,21.733595891912106,1
4.131861057331404,1042.3279251298334,9.503747260421608,3.6637016169665277,0
7.72069651575952,145.09766913959325,1.2787419272139187,17.082019369167647,1
6.788929943629617,242.47805295712723,2.525647352436967,21.171353243623837,1
9.63597029547027,501.0,4.1,40.14627889852913,0
6.998609738353521,167.08054843502558,0.4814617764366136,25.977658112830337,1
6.908798823508347,304.81535264647175,1.6783117961661467,23.435392290715676,1
3.8531488616276475,1107.653128182407,8.206623918541307,3.185007238528016,0
9.76899183607547,1060.2193386931244,10.733786849113471,45.73805122636025,0
7.619603690334756,316.20933963889433,1.3972025351212893,23.786814443236576,1
4.276563850678728,513.6540606950517,4.1,3.013132801733769,0
3.8771070311425517,947.9518581394539,13.021231261950273,4.536244049877535,0
7.308022943356569,152.62073241497484,2.5450668359276793,11.169737225311568,1
9.239022217262052,635.2277378753827,4.1,46.50999189105046,0
7.146946501446971,276.42153897657647,0.9912581035163099,21.269660486350233,1
7.808402490863752,264.76755487775085,1.117514666375429,10.02517358935751,1
6.987896952651024,50.0,0.4454323193726193,25.11119052351086,1
7.413926934538364,147.7229683420154,1.531186515899806,23.347613055906464,1
6.922114747564377,239.92766529101993,1.3583627651909387,19.975642835232446,1
6.95094025530622,251.64701697393548,1.2966909625921954,25.514619400721514,1
7.368634644245782,179.175276698285,2.038395045517023,18.534208920190405,1
7.798417724595673,166.7828985675783,1.6423516219991374,23.996442027195766,1
7.958717193061579,212.64427919361054,1.3922016343615178,18.004254495017634,1
7.278338102039073,268.6411356241716,2.677044720192611,16.89025358461863,1
10.14687657793298,765.1274327174931,5.067059488535583,37.137981301946894,0
4.5550683444624,670.1847332866722,8.814746600460778,5.145603588724619,0
6.95293924182626,216.06760744925677,0.04935137281280144,19.378689907196822,1
10.169259754290636,803.15695467213,9.873819934682833,47.64453297938611,0
4.852809071917629,728.7046062740911,12.75180932289045,1.8103482901983585,0
7.567691573830082,129.0136432915383,0.9378224162326799,23.828899247797374,1
6.8600622522140835,126.54984132667401,1.3179746248736888,24.323998159846766,1
7.414661101010915,285.75438921694376,1.901829351618821,21.685646428342572,1
5.201194935953593,643.491742734711,9.988035073058494,1.2755733471023047,0
4.514429243301891,572.1427681579464,10.004744371824058,5.831845318115182,0
7.340252039709424,120.57071991315637,2.124304115512524,19.767078950408862,1
5.988754561782483,666.411665908099,4.1,5.027305824150114,0
9.686397079264603,673.0957353132117,5.103853937886517,53.23094006779132,0
7.708941400042708,329.8605352422443,2.458366207933996,20.86195878264311,1
7.495386631998164,248.8172935671378,2.1678595715096396,22.86675638999069,1
7.930403885418775,137.88006876056,1.77793266891768,21.413472903825593,1
7.780987013788298,142.91322640742592,1.135322014138233,28.41894004917941,1
8.03581548867791,344.11440794131903,2.284831699798933,24.041008889620073,1
4.942122019879463,727.7131607299375,4.858446934255316,3.9846160432332267,0
7.000107929539348,333.7812723278022,1.8002775639839619,25.044696156206555,1
6.5,141.35736035808085,2.695130866691456,30.21805955761904,1
5.033810451971983,634.9574248908567,16.93956355021144,6.877191606350224,0
9.589357562167976,710.5509790425385,9.092510189427232,45.57933168582038,0
7.556099000334604,196.45108355907507,2.6535143240485715,26.370151334433213,1
5.000431490103103,838.3987577244535,7.989568370894192,3.699052001081566,0
7.446308459908456,203.30299644699514,1.442111578487121,19.788303935055065,1
7.186922100762363,150.8701947993347,1.4102155636613185,20.995528661430235,1
10.289903478700776,985.6144013321377,4.388343096881045,41.26311887401091,0
6.85314791371564,228.09323741016672,0.675808446325498,15.31038189675059,1
6.696598035729866,333.5938225123711,0.5465696404016699,26.44271073621637,1
5.545594639403316,568.0928899099023,5.991343020872568,3.5637246824745406,0
7.59681693981461,90.75060766478805,1.1395429054967092,18.09054353006516,1
7.166757770948522,223.32509413455782,2.210654624270014,15.475729499220083,1
9.356458898442495,851.156850465273,9.477570338619069,37.26967743937216,0
6.0794591422485915,501.0,9.433442458761965,4.984870680650702,0
7.414603937428161,95.41041742152288,1.819374641969973,22.954951701165427,1
6.5,280.59551785561587,1.0580182111034093,24.145556875390305,1
7.003239020997518,236.71952013394326,1.7417899271506976,21.518010344402562,1
6.532237887551451,240.21958459926518,1.2562898222278809,26.118417445678773,1
7.179918153183302,170.03726793997993,2.3502667460930318,22.086852073939372,1
6.4,501.0,4.287938929882495,0.35702931584484343,0
5.327370062885238,888.2479644340542,7.433056266462128,6.644312865314326,0
6.993428142444971,216.40602713877038,1.5367201708226108,22.029402699678798,1
7.389038992965217,190.2354294302978,1.8567781540696302,21.425673645151463,1
9.124549817022091,814.6208508761487,10.81041703139918,42.984259632374105,0
9.476470729612807,678.235367515327,6.563910856976163,48.71128391430091,0
6.839751706140853,117.60221801784513,1.4731733150118393,24.088082540443068,1
7.0946207135671004,160.1092883369239,0.3767064931415316,18.16828864201893,1
4.421541516070285,922.482330583075,9.840608387555566,6.447598832888842,0
6.878273696136003,241.3315556748774,0.5933189655330154,25.271968397029347,1
7.391591930298557,384.2911001683831,2.528848981151247,27.00938544919203,1
6.897701936202862,256.2742333429847,1.7372954596665937,18.13914369299781,1
7.824604478690741,85.38629682082778,1.7200370781920014,20.352307062456187,1
9.648100221677419,758.6491193141458,5.847504193746735,42.020006301182974,0
8.809823532293407,779.3743875297249,7.864443414724514,48.34482512715817,0
4.220666057462222,733.6812442136909,6.966962285198875,4.925564282672452,0
7.41851369920148,134.23391905376582,1.616646526718287,22.331459367475986,1
7.237348949710661,203.27397989831383,1.0700995281269707,25.557053699035905,1
10.57411960097882,1036.365658788408,4.320318260294104,47.0564772398646,0
4.490994532011171,624.5288529690213,5.7970399930598795,6.246510846916945,0
7.276439627207962,329.18230325678815,1.2429572460517762,25.88195383845352,1
8.822456967112497,595.0210201238266,8.674450210074424,37.79057824857328,0
7.076353414319,229.11765046821904,2.0389781119346555,26.758570581940944,1
6.5,260.86773234491824,1.493234905080657,19.110610381539882,1
8.965987812054411,591.2158039502033,7.097494139134903,44.97915932255274,0
7.41380225939222,139.2823440877324,1.0511845494222047,20.03677413401432,1
7.346946202726471,175.9627241023437,1.6850031471072757,15.941705963765774,1
10.104946980009553,504.877450723412,11.104397391578708,40.531537371471856,0
5.362431725257647,1084.0542170534925,9.461259677346781,4.449635125227308,0
9.468451223522827,722.5831511050121,4.391926913315397,41.18360807385848,0
6.687828259001487,158.03463889863593,1.210603360554491,28.231621729273428,1
10.484225644680144,956.7462793505755,11.14152996500899,44.28700371395872,0
5.563831553951189,777.7291195228978,5.177068216151849,7.420647699883107,0
6.909702474738614,185.47974702914664,0.8544677661978608,24.603862715117767,1
6.173900790662143,501.0,6.829197407205146,5.067299917071063,0
7.239193261388358,87.99434214535927,1.3007621470224249,24.63939844841826,1
8.97422622082992,825.3541202284226,9.886191644778911,45.6377368689531,0
6.759083140065431,173.21576100443986,1.201927401143414,24.49294358655527,1
4.937512791909769,1047.4301950957433,11.15993083892561,5.540927017461113,0
6.836974535183361,60.18907921373906,1.2857902319498138,21.001377847124324,1
7.342845028604699,211.22878958784375,1.7241516045641803,28.422711832329817,1
9.940243230112065,957.699789470204,14.054290198506461,38.286272144514605,0
7.6343582263326315,184.24625536024882,0.7648694238468314,21.38123867546178,1
10.742656962266842,645.3170146769968,8.15407627640804,46.49173062537764,0
7.161881787045219,80.07872316332791,2.2481546249760047,24.617552536243053,1
5.439301340446692,781.2308767553267,8.461562686620496,3.4645417144627757,0
5.886939535964579,501.0,11.16609664025212,7.030685572541993,0
9.873186620912687,595.2531109444363,6.025673571851701,46.37377338354803,0
5.084858061109471,1188.0313263670125,5.971846735134239,5.100853528278886,0
6.943405236382277,132.2852558832817,3.04452828591927,23.935364500105845,1
9.690168325157941,759.3735907353143,4.646316983839377,38.005505509534345,0
7.448723984886879,58.3145157529527,0.7321874444312098,20.791611835901577,1
7.4513382037057125,266.78010610599057,1.5777905627075586,24.42704860082563,1
6.661651630610714,102.67353566914323,1.1234150298246315,25.305812443435048,1
7.142192531713793,163.72687132929167,1.1474448177370826,23.731401610079896,1
7.160329654488247,50.0,2.1722136176606677,29.32470854226355,1
8.1195592494477,196.40855759019703,0.8924542760741925,18.773961483897672,1
9.812555273124474,696.1948562163703,11.007739442814781,50.516354630086724,0
8.065301889322184,141.05838912419023,0.87660183258629,27.65611654224795,1
7.234357202517332,240.36654515819123,0.8508388960128465,20.760620394543707,1
6.857136977433488,241.77140367471486,1.2861887082908225,20.446080372914075,1
7.585350451697729,107.65098654136125,2.6056065241864017,25.75587787481917,1
6.816224305310608,366.0052031478833,1.8158582112952693,21.751455734122764,1
7.582056928200496,99.5891702421284,2.179122557797501,23.66321090288178,1
6.701713049421446,101.40550086687998,1.7324570229917673,24.50372838389161,1
9.07371370562675,954.9251270550301,7.313359510526174,44.14029373825583,0
9.183105677111099,554.6168647409519,10.590816520658864,41.98164455759742,0
7.527106519680115,60.343405371227846,0.9707971863803767,19.910341086489964,1
4.12716262624474,837.7224683950024,4.666628700752673,6.021464132271787,0
7.28697314927189,137.81028121232748,1.6143522484410604,29.4567981035494,1
10.019193018579816,798.1834411808627,8.41947581397816,44.834901316335504,0
9.28899705164546,802.9311819740253,9.88842949134343,47.52131533630334,0
5.7489228753025685,501.0,13.45193245917682,4.112147011130217,0
7.403196530765018,214.8550864334991,2.2330934859916236,22.036907971981876,1
10.494442319377427,901.3272909818006,4.1,48.01979482505117,0
9.26305856510714,808.646337928978,7.661088572152796,43.74110552072084,0
5.38294494452075,661.4113539705863,9.180135033409137,5.283118533791589,0
9.263446293319738,1137.1740304443047,13.467178497654192,36.010731273370446,0
9.207885453403957,943.3759069638903,14.29138163711908,43.374653905350435,0
5.18165044251532,828.6573343764051,7.4864864142753955,5.767310047733578,0
6.308005732585135,805.4354335344927,8.544377020827618,3.5945458691454144,0
8.61447159883141,943.2860407314799,9.178722077043174,35.1,0
4.513752015976274,748.6810328420953,8.05165874819168,6.550461457675508,0
7.516665077585174,152.8582678568555,1.9333230626119726,26.298119160919725,1
6.5,178.75163517711158,1.5797794676894406,20.964942352510484,1
7.194464901562306,167.11800507974615,2.3866628772388885,18.744745432284283,1
7.20048219014489,283.8786120840474,1.571206245930239,20.133524127297417,1
6.873164547572724,239.02198568674706,2.5486082392130993,19.052394591072805,1
7.315477451711943,210.4552019571506,0.0,25.979474775151754,1
10.235700174083261,848.6206116656829,9.983556424448015,42.95439967959354,0
7.530166539595212,366.8837639629691,0.6322883912324803,26.31250158317909,1
6.798343693299173,282.8870120837005,0.6936017166945999,20.17863030741875,1
5.580828799383467,933.7928963436365,6.465687413652381,5.1984592467621455,0
9.910454260584554,625.4977446788728,7.564314062483241,39.27223109794237,0
4.227465668922215,828.2957905869347,9.479352581648016,3.966539124956292,0
7.028237783549899,112.78332745604561,1.5455172418321461,22.856443929144532,1
9.58384066672462,929.0366992961804,11.390494076798351,44.7839797341389,0
5.134153227887649,797.6820431362357,5.171109882650708,8.138482362569418,0
9.489333809184457,1076.427598969335,10.93710747640255,35.1,0
7.058383715623591,73.42214666028178,0.42880460484914873,22.72135476265555,1
6.127236773129672,829.9990179815478,13.763712251268839,6.504872401634959,0
7.199716562169342,204.98650796952984,1.7402109879381915,28.70895837189783,1
7.066472204097596,118.57885527384376,0.7123697287881868,19.86582549670767,1
7.050866739163293,222.86426294357864,1.706858184113237,21.016606730224066,1
7.100992545779398,101.724493498739,1.7268255098945733,22.66343610719469,1
7.211902455798298,118.72969384080173,2.361492033489129,17.26765793900094,1
5.127514558220978,676.080003979262,5.362540402719362,5.236098933379549,0
4.308083110057262,650.3233638617933,5.655571802596237,4.224478154367552,0
7.61239980899838,338.79492606694464,1.7388510897444234,15.021868445575784,1
6.652673984466876,254.8686254886735,1.0386833213382307,18.136116301553855,1
3.948571921753504,1017.1343818367276,4.1,4.016241090371065,0
6.5,333.0986265714779,2.417424138969424,28.50132123630078,1
5.0730175185340585,501.0,7.5948661944116775,2.5660748463129606,0
9.511033850468431,619.517055851175,8.581764430651802,38.39815572551673,0
6.589789931630104,243.01039223599037,0.2130369637095506,12.627843593392637,1
7.395674852059066,84.38357884702197,0.7206936161197582,24.451301286677285,1
6.281594123690731,744.2410040456894,11.095216941542176,5.548430070260334,0
7.298601911372802,50.0,2.114478221867388,18.110659984735246,1
7.675788195569856,195.52636411822294,1.0432301947483484,17.226496925826737,1
7.550944916230269,156.1439761466582,2.9637659909127336,14.89607101215243,1
8.03537710914797,306.2445511189574,1.2818268799643362,18.209877036111553,1
6.701704488515205,150.58866584530426,2.1702760142958373,23.386108073252,1
6.275936166468812,654.8163828012443,10.220235097115859,2.4762451132830297,0
5.200411363004478,1104.1328345962372,12.691884010579113,3.1968690093929677,0
7.053871379475157,267.17310915449514,1.5308437971846196,24.86905417513286,1
7.576524232306993,119.36706436574352,0.7050548666695197,20.992885304294482,1
6.949213176884893,253.1762196266488,2.6554010742629934,24.81301531238379,1
9.035631842233608,610.2756197582066,11.805075834488203,39.50767958729578,0
5.470510361074128,796.8624066486124,8.432349088339047,6.853999257468337,0
4.565842500877909,501.0,6.102682885771475,5.973238960256222,0
4.653319555932379,721.3527181674309,11.827315462274967,7.567777566540537,0
6.5,320.27358627431994,1.0686995793657397,11.913580794151828,1
10.104161642973617,654.5068587532655,11.14310470663283,41.11338606054981,0
7.623369794739835,235.53586618325375,2.4469603744277073,14.083925226041151,1
9.571794912739746,987.1946318531235,7.509778307806063,47.82232346256106,0
6.592850501327677,220.49364845554226,1.605094957769342,24.03044729177299,1
7.5540925931955965,179.05933678231244,1.6025329281573228,19.060099594970936,1
7.019924294059436,318.2457518685155,2.4339604359208833,28.24941803749292,1
4.921903443380739,674.6999567913347,5.98103834250423,5.3300812730754785,0
6.660725831157715,68.95767540511866,1.7333588958826147,22.41231288612339,1
7.340822158605719,133.25745519723,2.3198173428943027,22.90962031596648,1
9.964194339568085,575.744081703643,6.817525710421779,46.755284312407326,0
9.32600522520221,1162.5814441317498,6.863047777825426,48.1319497196096,0
7.694312876728862,221.79371173228878,1.367566873107444,21.808056820597674,1
7.210754335597812,138.03080239851346,1.4594346207660978,18.916745477543643,1
3.271070317142632,1032.5979191354677,11.873156698107302,6.582307300728452,0
7.725965781433619,257.7522788350513,0.5913272674189897,18.386827556883564,1
8.867555577948647,678.2816388861443,7.464253191457324,42.85960424453723,0
7.663244349400028,199.8076927264917,1.13820718177832,18.810247531719604,1
7.558826478754853,271.8935328271339,0.0,16.874036108524702,1
6.957714030798665,215.83333338736605,0.9428077629938723,22.399952655062208,1
6.825824519182162,193.52661298698496,2.646048151291997,24.555827256850982,1
7.612113381612737,268.7667897874845,1.5966548858922829,18.126065412152418,1
7.074588125531041,150.8368973047124,0.7888031981823798,18.33747081456616,1
7.297474884596765,180.58549785503732,1.4204333176429953,22.310341557945563,1
5.404431101522566,872.4049101976932,4.1,7.625448138545323,0
6.67181735476629,143.0260908659165,1.239754691933558,20.080127415405094,1
7.484383987281396,302.03125903992117,0.2711934718825031,21.927463025967672,1
3.7119826616728027,1089.3645680223067,6.305145420034339,8.521256069248984,0
6.778633774730538,308.52667086623853,1.3954469530452511,21.570220472823003,1
6.944904006299474,188.00474247367126,3.2709494244763664,18.687277744505966,1
6.929443079176292,224.88879929145563,1.095078189786568,20.053475247242922,1
9.695086096440043,501.0,10.2532716290109,44.48350806121196,0
6.974300960537045,152.85342148581105,1.0781629867698097,17.648427951562965,1
4.020354447819928,649.0791235213454,13.332934456458288,6.006657547691133,0
6.682690816851535,261.660016769503,0.9389612547182953,21.515698270437785,1
6.640277530079223,231.843857320741,1.2701373184082383,23.17203522903462,1
6.981256423503844,141.75383217157432,1.0588254934968946,23.125393389958308,1
7.22385214796807,201.44134976355573,2.0003219549222617,19.61047575581943,1
6.7574660103975885,192.52905128800413,1.2443033992572805,23.602566553359345,1
8.053213349862506,75.08054220465125,1.0840523893328333,22.790702267816982,1
6.94025078467143,434.85263218622225,2.1447180878116954,25.441330237666882,1
8.763396685062366,572.2434126047574,8.997838276849924,42.36870393103273,0
6.877651973401525,277.42608192201635,1.7793308984525682,18.457327263974335,1
5.25506992270434,840.863976797664,12.20029943548344,3.3257873465061767,0
9.293094940689052,1214.5197081525037,9.63296811429721,42.076937822506345,0
7.417319211614555,122.42050242922605,0.9093022858025706,22.220682551485854,1
7.5201638100910735,50.0,2.3464614530567567,21.610616124429068,1
6.982246910189927,50.420664024366346,1.2775673741878228,22.189194972514912,1
10.242217019220114,578.0321021460186,7.335805225444715,35.1,0
9.555418189346112,983.4733298955696,4.1,44.36607604503794,0
8.6463285231752,700.8702494241319,4.4631757936778635,36.41854914849431,0
8.224033815307518,134.95885021918963,1.7080590551095605,22.79286931088328,1
7.917823145407115,295.3519467530858,0.8708401328293137,21.916315850467694,1
9.134070395070967,923.2051417495343,5.169194852242008,37.053108646301396,0
7.2975202855084795,172.04485382264352,1.1992555150307438,16.948148252530707,1
6.585771150717158,160.18619812567684,2.4660972572079602,10.800142789625657,1
6.001727229572888,1066.0687014979437,9.420023550155431,4.910627197119621,0
7.166624812083856,87.11545351471345,0.9138334472222732,18.66264725366935,1
9.069746336747345,1093.0758854997036,6.622986619331272,41.5219348829404,0
10.1575240297621,501.0,10.562952017521349,46.81295991422901,0
9.67487390762399,788.2785848435057,4.1,38.42693593937852,0
9.159324196782395,1184.967672415973,6.802916205350239,35.6341930292005,0
7.2601575145904835,154.88420095534053,2.387572340972162,23.46642498805522,1
5.654027607876238,818.2960011955137,5.346859353913387,2.733986868437206,0
9.38753988453224,530.3144974438038,6.700147479116437,42.6495945220564,0
8.6,554.1657932963366,4.1,43.22120526430286,0
6.855834653886419,254.31575902097865,0.8343326318338699,18.807175694567384,1
7.591543220312718,236.53504085843193,3.047482808211035,25.70361670691087,1
9.242282567659307,980.1582348056604,12.830228369568948,41.403453440984876,0
3.9814297808692816,922.8211610579368,4.1,6.646589988710661,0
6.791506873147715,299.9603920564927,2.5125943038759573,23.248248526906952,1
4.496023974515448,639.235070351451,5.2657176873861085,0.1417753256667078,0
9.641000271277255,644.2520969261694,8.124157286921342,42.539899064425214,0
6.788251396727172,196.2991026186926,1.9586635399596324,27.318136975882098,1
4.645425046057843,682.3276871386444,8.062412071317633,4.799907377792667,0
7.424313810547294,234.03558913473378,0.7319994452598302,20.09574976888853,1
6.038667591820333,633.6057783842937,12.988740964962329,4.474301867679254,0
7.114622851627917,260.37866384542474,3.158501110568048,29.58202938396542,1
5.494725772595308,984.6174584900259,4.55347964115241,3.656978789397847,0
4.393228861655308,959.336832018324,5.913063649639411,1.8795160448925654,0
7.0594343057145075,138.1235324773256,2.4903884639778884,26.505573798888264,1
10.00647144233489,826.9166569624493,8.147892275651476,42.853994519669016,0
7.600232927217191,294.5254173135317,0.7995594392617316,18.74534169944979,1
9.726248228051341,624.0652373170726,10.610534524240313,44.670679711329925,0
6.5,228.8294972723889,0.2622901617727378,23.633941352585882,1
5.345027053509039,1023.5264883207915,9.899199642491682,6.692090017778815,0
7.216236676481553,149.89477790535943,1.6097761112687352,26.78650848330897,1
7.37132283888306,329.30400341775334,1.1132014577168032,22.905169068973745,1
5.138454118856443,1028.002657280157,7.394676871102524,6.27872568697326,0
4.8233686801663564,954.6799632135222,15.276237775411678,6.3711167264343675,0
7.393550660475216,298.2424167686508,1.5948001843039699,17.938830503000737,1
7.135946881773344,190.8287331594886,0.8524407656649554,22.218779461498503,1
4.4930881072715385,800.032101481417,6.500112508374093,4.295565362205086,0
5.592336971238201,1090.0680517518124,4.244905854439573,3.9509265219998038,0
5.46696913585916,732.2182908648333,5.387700870677783,5.493104190994636,0
5.870473970566872,983.0344301437245,14.237470095400413,2.59037131812509,0
4.911708192566512,1026.4193761669378,11.262820955596862,3.508759065655653,0
7.74225514352198,200.0546255165986,1.7952018531021678,20.481502013292666,1
3.9033263641367952,1101.3057272624533,8.060089246473042,4.222462499140836,0
9.935030108453741,1012.687144373492,10.427162867263336,35.1,0
6.803785469947725,50.0,2.3202671002916913,24.283782778415492,1
3.228585451292359,979.1701760205611,4.465616313949837,3.934296918279631,0
7.789068270300393,235.33973891020457,1.4658640437098194,23.044738165118513,1
4.554174952308357,803.2073326026957,11.845935087130059,4.590429484788529,0
7.692349805261895,188.40971504416905,1.1841468211392865,17.87965578038228,1
6.9908559891386926,239.00482376693748,1.4913910854843597,19.597008277445727,1
6.772986834298291,50.0,0.22011588341062605,21.88812234205207,1
7.198558984363773,219.430561052022,0.6220873091030774,17.228106515923454,1
4.623320135902173,1084.8566828547714,6.401620360758659,4.948461288245486,0
9.86841856205259,586.3905723267519,5.10238509723471,40.07708778139894,0
7.028302231880535,126.56191163114113,1.9776371474417613,25.30165839129234,1
8.972489622311407,1046.8913957529383,10.153794157467996,42.41519099906652,0
7.475883122098078,156.71945073736805,0.5819156034709229,23.70950418188319,1
7.1564959406172575,56.48860017056879,1.1411878421150439,21.88330920309376,1
7.043194944032348,202.72236690773448,2.398873286625228,23.00813591973951,1
7.292819974943055,330.2774843817857,1.5529714784293702,21.352930875337325,1
7.612737815787455,98.84012744360275,0.5032293214616753,21.466885139083377,1
5.607078212671038,743.7953605447891,6.26833713085366,2.251201503051743,0
9.459182819994378,632.0405185302598,11.765678739903745,37.85897147170351,0
9.728101659575872,756.4689757723767,4.1,45.78057588087591,0
5.219574668509252,759.4063313704229,10.315551457420383,6.196184545554909,0
8.6,757.4042686899577,6.964588308570229,35.1,0
7.108560033863993,333.8691156922019,0.7900850473111222,23.761977984653353,1
6.955025050143825,50.0,1.6524027407610167,28.58141980908298,1
6.689300569671876,180.74678603758295,1.074917010139741,18.175457188165844,1
11.142861856840922,1032.0096857812816,8.749208203591436,40.68558763482312,0
6.796578126369517,94.48252013579915,1.2603866095855958,13.753907551551002,1
7.043156738747137,130.8893631528187,1.550507265775233,26.86578954910832,1
5.337575057146766,911.3895764681006,11.263180254016559,7.218743138918571,0
6.5,257.2394477415588,1.8716070134470042,30.124634852292925,1
6.9806850814037595,109.95303087744247,0.8589714712065076,14.816069061663907,1
9.271091515204906,718.2655308587916,10.731383307355523,42.78519585098384,0
9.673694920854278,646.2080174650415,13.753544004819997,46.751208258585486,0
5.773533920860374,725.8604169567636,6.436733113607251,6.674418973457362,0
7.288216570805547,121.71292880090765,0.09878188276661692,23.749490696718674,1
6.907617489713811,300.6095245087488,1.3438820231135185,21.460039088091754,1
6.53500320478573,65.22659382188905,0.787690655950637,27.88683559344756,1
7.0999813941604195,275.9050477177296,0.8798204862715562,16.738246936450953,1
6.886095236748918,60.564197561066806,0.12078399305401932,24.870954826635916,1
6.57430335531558,252.3544821684497,2.4370144968069245,22.90930362729276,1
7.400266288552484,158.99727114827598,0.8208100718642328,22.918290564297013,1
7.103505576857469,241.22354572995738,0.567286156473804,25.471221838169782,1
5.396998852996343,602.0681424977463,4.1,5.263045460156313,0
7.642210373183194,151.3882923701222,1.194947189263455,32.01268716362284,1
7.28451347691179,177.86625826246836,2.2336817314884083,32.09349332559823,1
6.817425449272797,390.53708253860367,1.2210883075074432,27.46224148172871,1
7.227007392564044,157.42651494982482,1.3396432783548031,21.000425056751816,1
7.253187869658751,172.28587951944803,1.8026468999402379,15.124278348184612,1
7.691067596989317,218.70784206316787,2.003418066448806,22.196378925222685,1
7.324500061817415,50.0,0.8626593075279352,28.36318296868501,1
8.30386401556443,391.54895204659607,2.889766276682205,18.06021549953187,1
7.248919001212914,121.15683194232561,2.069296284245215,23.95652222659715,1
7.761347988050076,226.22488588592987,1.2623288903338095,19.04504509878029,1
9.720954461082101,965.1904417851891,9.506005667199679,50.64893693728122,0
7.437422688912345,322.29982804327267,2.618178105255136,23.51021893135164,1
5.393391712604976,642.4897118742587,7.469974721875272,5.2420677570054846,0
9.32934774266997,602.0169373952903,8.516476008819323,38.270607467819055,0
7.8645880662912075,131.82202856021405,1.1189926975799958,20.36271914165326,1
4.887857656139725,678.8688732978735,9.551000907541805,4.842146648450889,0
6.847250139508913,449.03281608350727,0.9154128472194354,26.717052634316918,1
10.118102489129798,1148.8020468151465,4.1,35.1,0
4.865329892610247,784.4183907337364,9.137370899207712,5.915343222387172,0
7.293514364716299,239.43891668115674,0.15785577979279086,25.196272292569198,1
8.00972384931474,244.48176774738326,1.4504142064587369,20.87771317360579,1
7.399945649496149,268.5389937176367,0.6824942848958029,26.563143201809897,1
7.101129046991762,50.0,2.1621217095882477,24.648675015789998,1
6.560750259246501,149.16720958170103,1.9228361514451362,21.358199826937465,1
4.530604191415991,501.0,7.259788158339575,2.6387479094097785,0
5.602915425306771,972.4781151835375,4.313661947284959,3.8005563081372378,0
6.956195119136287,212.3594932476201,1.7487367369130957,26.53170554920414,1
6.500587210704728,91.95552285256134,1.0500565319700366,20.68671622923776,1
6.989586062932968,155.09296028462353,0.5688416210510635,22.12056264526071,1
6.923783579073496,87.44452795894645,1.7326606332567893,15.30766394997704,1
7.240742518104795,238.3606038401287,0.8640482419414662,18.162580157407508,1
6.752132042149543,149.36957800921664,0.8425911011605228,21.7901045757478,1
9.166307972819936,516.6019720638018,11.684983131633384,41.416179393468475,0
7.515622674950208,57.648085559422356,1.9849706472106459,27.302000878885025,1
7.080397059813653,244.24320686818868,0.8732004273524708,17.381462645084625,1
7.085020992239858,203.0033473189457,0.759739730794598,15.159299594432824,1
7.204141047937353,167.2553220723423,0.7174506743742822,19.38503188077213,1
9.608719540362921,834.2078985274295,8.76667909696041,45.100465987934335,0
6.648272308794189,112.21053448231467,0.555052053497109,20.720370887988345,1
5.951303825162773,501.0,13.200324018152788,7.324522221142315,0
9.234470414810662,910.2120248431866,8.966061438965642,35.1,0
7.096458239852067,210.0721110715967,0.4184605148154954,22.18584509261676,1
6.4,1040.283406357405,9.204400575444637,7.35090802467827,0
6.794441619082985,116.35764114607575,1.2191535554187256,22.684748574982653,1
10.088112853379265,1248.1224240348565,10.377185118247203,43.13328679824497,0
7.628617260893955,256.5625887688628,0.6825698088700553,22.718781524424827,1
5.000254889172055,736.3166292563393,8.560781157663493,6.513188237012864,0
6.89306097484478,118.07771272908964,2.2689394132362732,17.897106420101572,1
6.722429997440378,221.42749102930668,2.0409934869806063,19.82791221445684,1
9.744422944906495,1103.1890292588469,8.35112310674379,46.68612586833307,0
9.779677704857718,574.1028844809192,7.665443310482622,55.91617571123665,0
9.481776339870981,948.0666845112958,7.601954660840313,43.1509040311461,0
7.006902591127187,112.62867252570135,1.7139658980498171,22.731658254481022,1
7.280439618685987,163.61642260978456,0.9116549101453161,18.98753067751768,1
5.394829835363014,640.2296911965407,6.5207016170711185,3.5529897818759846,0
5.560476317821702,891.0151151440741,12.189793538669534,2.0341739176441735,0
9.837124154212383,756.4063230078541,4.370104913998471,48.29700901496062,0
7.654248058873177,164.34797575760044,2.1671066487498347,18.667433906684135,1
7.340579283016633,147.41019568042205,1.0047923186314685,16.75004523865475,1
9.62659184784965,925.8476360590482,9.236342902191806,37.19238656335393,0
9.433237132273756,718.467884286813,4.1,43.216107866261126,0
7.056092541684366,405.7596253995975,0.5448704024679034,21.966556850914174,1
7.37477526789854,355.86741158318506,2.096113732125238,19.394850140067273,1
7.238798385997088,215.6905167219126,2.3633842534468688,20.204366450747976,1
7.659378283678702,191.53449940018416,1.7757826581050815,14.441186065513818,1
5.6937255112801495,1077.0875563312766,5.611605483371136,8.975068322046734,0
7.540359184867189,175.58489236153986,1.5736950367367746,17.27519530740448,1
7.101189719701601,104.08388816048992,0.5671250912823574,20.467620315360826,1
6.831035926200599,115.59138596156404,1.2970130518943521,18.319391074169257,1
6.829227811368767,180.95116509503566,2.491488254190205,14.29773055866849,1
8.971845934762124,735.0041111477348,8.66716344240409,39.216327438376155,0
6.5,230.65345518071203,3.0778266762447837,19.029363336910485,1
7.042664475069056,189.5951765157104,1.5385020552233621,23.479702452017563,1
5.24535755362387,894.6090545676002,4.1,7.773561314570422,0
7.9202044726043415,117.44269729222565,0.700640726587082,22.866878568491533,1
6.951660960699554,169.94930673875714,1.179947022476563,19.891735527040904,1
7.160564747086296,273.8806892837895,1.6337869636854745,19.78883632981928,1
6.657367278150638,153.24357665196493,2.538620737142595,23.64833385948584,1
9.680008232619112,803.5505092346572,7.364268219567557,37.84868924639974,0
9.570994725287797,1340.1732939099188,5.2306424472904105,40.1013443748308,0
7.011227253684226,222.70008189292008,1.8645292842510979,16.022945883735044,1
7.497305637609086,57.08996277162507,0.0,22.09592007606237,1
9.899623228758623,744.2642194320886,5.970906490893183,44.23633279125534,0
7.750282725324648,331.06877858167525,1.7769191843340595,25.01156432597514,1
7.55814217230504,121.49392507860281,0.668712783257472,15.049255207018627,1
7.315667457563127,287.26893364829584,1.5644385961183944,23.073653094778248,1
6.5,232.52976273781394,0.9803703909863998,21.63902847423871,1
7.831247223024874,294.4791924244538,0.7969635215942655,19.555245990998856,1
6.732528784952187,139.53667998733096,0.9141137518922892,24.91694779724301,1
7.090910572100932,110.87628398704054,2.758936060996682,20.828968324910182,1
7.80921194256321,351.0150125872152,1.1164029268812037,14.23000923615292,1
9.01599351770536,771.6831161411324,5.500600598958959,40.386617675000174,0
7.503003084018922,210.55423734175656,1.1619112517490116,14.561347837800806,1
7.106345217220328,93.16147447200869,2.086008140431969,17.377169700332338,1
7.277635997159323,195.24678549820047,1.4779370406703272,22.381848165433187,1
6.5,60.57824208951672,1.3613581657467655,25.469577971991903,1
6.50411448848876,225.48168038390995,1.5819869513048959,29.126739145867404,1
7.694975253873656,155.74582037221842,2.5183783219026554,24.25799281618999,1
7.401994911592183,66.51205928974437,2.4327860273655895,21.945987021628092,1
6.5,201.02629148349482,1.6905657077291716,16.027240751164275,1
6.945076901188482,149.15671209475548,2.240572499687155,28.702545175382248,1
4.852099858244327,501.0,8.028535519822983,3.5857778374135814,0
6.798417051167401,258.6443425172799,1.618055957327137,18.786558268937224,1
6.4,707.2431257243784,9.688937545714568,5.145378926070866,0
3.7673937533477098,619.5523594570467,11.355624228007848,4.714346722809699,0
7.302153502269727,259.75846720837677,1.6459443794029065,28.419738007015606,1
6.818668556696515,179.70591379660954,0.9881218018309302,14.585071035123507,1
9.614821527783898,1184.9881026374114,10.66286889014119,41.42271341405405,0
7.197761592468382,215.87148137419894,1.5460520540542737,23.838549272299264,1
7.825365343532844,351.8987985084191,0.8880605109900951,21.605566403981292,1
9.207468414301701,615.5951349645636,4.9160177803476826,35.12913273814229,0
7.756083019606925,239.5764523020026,1.6567488117626246,19.732746728790644,1
5.2559422894758185,832.9913750818049,8.096346366296961,6.586451435620197,0
5.13635439897709,653.0096246329244,9.779316198073218,3.4154480916570575,0
9.341698278548463,809.7336086325505,9.094135319625456,41.40272799371832,0
6.591056325512843,204.95066823097082,0.5734453004104748,18.554226282142853,1
7.044592618764446,90.0932140081072,1.7246510433479603,22.993221902943937,1
4.874210886377158,767.2148046488968,8.033997135103203,4.68554656621776,0
7.496850996428757,253.50721044369746,1.9992863755575796,23.733809766797922,1
7.54159039062089,207.91470296231068,0.46232224910296194,22.539205693160813,1
10.391012056350736,1003.7249020067622,4.1,38.68505019364476,0
6.885605586946007,170.13052599975325,1.0391320974416882,17.349158242688954,1
9.325068668461782,707.4710516237403,8.741864376883218,48.62654498633869,0
7.273820521278815,163.30890911191324,1.5012481287732262,19.263031277939024,1
11.048294448071275,898.5218973626105,12.908315331788957,42.31472548270997,0
7.712657518001508,185.26833474534382,1.8051633408008305,24.62221743315381,1
7.5413662235121235,143.04214181928617,1.5269886181490224,19.94749101454287,1
9.726637021066589,704.6048280091882,8.214992419252553,44.80264642435257,0
7.218228735961525,114.3318065052449,1.371177320560698,22.27562453248389,1
7.171195951367866,340.3946457317793,0.9150176964859748,18.413657837411233,1
6.880323197339899,304.9354759418129,0.9056266043068436,17.256313603252575,1
5.61537222178324,720.7832067841463,9.805808711309727,7.032575885513271,0
5.016011044001289,832.4171385293552,10.2439861958816,3.563933835655452,0
8.076182250323992,259.1722521379737,0.9553336499171,22.25763008972777,1
7.567630593195108,115.5928505458644,0.9227715931644846,12.577186039490568,1
7.649645087994406,310.27757019692035,0.8084938629021597,25.009933508296875,1
9.25090403964928,937.3693954127439,10.089894503653241,37.22797974712429,0
9.187594397732056,746.7966608879306,5.39980198801906,40.66968172118998,0
7.07357085758918,208.0632858115845,1.6078222891785112,22.779870823963034,1
5.6323128612283755,1074.5499332497748,8.340564489433826,6.353776408961431,0
9.681225434312806,947.4045711112627,7.079010928512189,43.158963813129624,0
5.680029116151656,750.8361746577885,10.276268577968118,5.952021600131252,0
9.630328077352601,827.6450473003681,10.0804874618138,37.60932463463678,0
6.5,179.34598895748525,2.1283590401548205,18.958862245513625,1
7.021426554179789,275.9675657091591,2.7256481593490003,21.25176993410535,1
7.125142293998181,88.58116222664029,0.18889591834856567,29.854211334175265,1
7.476057596684445,143.27832338956077,2.4731787292583927,26.443644578937732,1
3.8658881942180754,852.3714414491451,6.449697297361131,4.367767438739179,0
7.418847646070084,145.309257417089,2.119679424606172,25.59824550695323,1
9.487651178457504,926.0215991167465,9.503486210205356,41.24291966006787,0
6.5,106.0896028472822,1.6981372135810575,18.72245267800484,1
7.572512047646479,131.4582324938566,2.5501922263006915,19.238895067051182,1
6.684015640103579,190.10138559201948,1.222019267902503,19.555659750093128,1
7.498917442049305,217.32999803236953,2.171171414527371,24.13738885381514,1
7.186554974118515,250.11477379631555,2.2109395187961294,21.249193576503853,1
8.127731815992679,152.12499355351625,0.7617068815238561,22.473400262620707,1
6.872296856111401,110.2775882059978,1.8265112177881828,19.020084930059777,1
5.247512353967856,819.3732064951752,12.840076787238452,4.137800020948615,0
9.507516962770895,862.2523399335009,13.028568522506045,55.53343970487751,0
7.316877091330549,134.60734924685283,1.8965786909571594,23.196799064355584,1
9.194618672134132,541.9665171097085,4.922169980901716,40.100543956562085,0
7.513356203713038,102.64826317278663,1.6061600905015123,19.905182868441898,1
7.3617179019846795,137.67844627840117,2.702854797034713,19.705187422829393,1
7.367359288355473,206.36588279537327,2.8818550814215165,18.78510535642126,1
6.5,167.44918043965004,0.9925972413399635,17.499614691907883,1
7.122036687858928,176.4435393929573,1.2166432344057947,24.440940022775983,1
9.733033374139302,622.2150381880458,9.20951049990317,40.76588334761721,0
5.385574261642314,1120.3797583179962,6.451920404834815,5.88675196420475,0
6.939990426237241,211.94735288479043,1.2578649035332206,12.445874150089256,1
7.428239467437264,330.3333091920756,2.064932491624681,30.687210669586406,1
4.478438276781292,690.3206424377635,9.132918715359924,4.4503352438855455,0
5.228027793679489,980.2223562124343,10.030512962333022,3.3004099939541107,0
8.867393982000902,731.695916998939,6.791995366289806,35.1,0
7.653508038746826,316.22044361009466,2.292963288022365,23.898968419359566,1
6.5,269.78523040227606,1.0340145745745173,23.553698454710027,1
9.928229906574392,852.6530975150794,4.1,39.42567668798109,0
7.098009113031658,258.51042020599937,0.622545791339767,21.5456475455158,1
9.109597524210503,727.8590999100853,10.479751895411745,39.04178179868239,0
7.369624417785636,328.76165326207786,0.34134270146739687,18.62118800518807,1
4.516224906691617,911.0759312299538,8.968011892226034,1.5463935945864882,0
7.2454069381004995,131.06375437949936,1.5794192280395867,26.57426417971445,1
7.0258054517720625,208.94393265627107,0.6350078845654138,22.805578234861123,1
6.5,293.27332162041785,1.6293789235351577,16.196348285623948,1
6.873225731605106,230.37117187087725,0.46784811906623514,25.786473233321747,1
9.04435997154852,1166.6228296796899,5.5519307841613905,44.760041551578894,0
6.969744869504891,225.76658486135884,2.0738178020806664,16.322267213819963,1
6.571649539172601,160.2774611614425,1.5599162927611678,18.66068035781331,1
10.368952380917625,501.0,7.155619760335113,37.91696906430208,0
5.513822605336825,896.3803264080677,6.352836706523402,8.612564592765198,0
9.804954561327323,861.1920048875674,9.274758807181051,42.56168974366188,0
4.097318929991378,848.4925943445421,4.1,4.32450193459613,0
9.578549325321916,501.0,4.1,49.07955320246339,0
7.223209093923359,230.61228411819934,1.5950991310964033,27.183711446295003,1
9.047799748834565,910.1113865652463,6.3628218780914185,35.1,0
4.060686102015108,900.3704098719782,4.463011481129313,1.5170166867718082,0
4.086411143445854,568.4132600537388,14.491928999904742,4.660213596664808,0
7.825155507403279,111.74524950135252,1.1593265739828822,23.73273626908617,1
5.253890106604289,505.04429175232104,9.875685412619307,1.0027888668889862,0
7.07117539351773,118.30700339517598,1.1001712181410694,26.20127820910542,1
7.123984385999402,217.49274454058383,0.0,10.0,1
7.486152526176498,211.96783660150305,1.3724875912994532,19.195001822383695,1
4.302727623145257,501.0,13.177994006283011,6.045533484733436,0
8.6,612.0780965804302,10.429337817684274,43.03813699007954,0
9.458556508062568,1009.0415164064501,11.592483549693089,41.023527101019006,0
9.565875054873645,708.8675003972679,7.079681946009109,47.015685016527826,0
7.687504740678927,107.70461749281132,2.007143742267209,19.869572973306013,1
6.5,363.3742328427785,0.9818374232159042,19.01028298700318,1
7.9970061412672475,206.62183230283406,2.838881694049757,20.50150872269578,1
6.608435372490349,247.31537214014838,0.6656877070661251,20.555079228342507,1
7.439971491998482,167.85639784466932,1.1684481796441664,26.26169889439032,1
7.129658238227171,382.06603421181103,1.827076550627953,21.704060873854925,1
7.192295848106243,179.3903611591205,1.793093204804658,24.629284380478158,1
4.942634922972025,736.1983939054294,8.728707622133754,4.920966915536878,0
6.5,216.76273842102356,2.2397074378962927,24.112144018191856,1
5.218648999668131,947.5056126933076,12.561802705289637,2.4808745422605174,0
4.3242581893654,950.3126450804342,5.78259032230789,6.806335183989553,0
7.933022817391681,50.0,1.7190059560436377,24.58239231583818,1
7.587782880210695,155.05263205186407,1.0445403650646636,20.87150022744906,1
3.1311443159829895,723.3043962152226,8.155153654439562,6.158597290159273,0
7.58016953527442,268.93088995983555,2.089759727518503,26.108604143572606,1
7.453567608927204,215.15838569768644,2.178558511685638,16.7501307862058,1
7.0287539356136355,50.0,2.9418915012161815,17.686739733483087,1
7.581250018150435,245.1873886880098,1.6667199142977398,25.776859361007258,1
9.066513271783723,993.2557478469344,9.1311827288852,36.968459972034566,0
4.249637272924086,857.4535858241585,4.1,4.306251216219812,0
7.483100774182191,280.14598829455497,1.4775667540854005,10.0,1
6.793962323268853,277.8897799542277,3.594967399042449,22.75381438571713,1
7.051423653601684,265.61265494043874,1.5869999863955955,15.595275204753708,1
7.361992684384383,51.367883888137015,2.2046245787228393,15.297678201503622,1
7.386571992973411,140.0513848461778,0.9856323717260664,17.54774359525129,1
4.863861974879373,545.3489096386281,7.51571630590155,4.064780933165546,0
7.440482699571646,210.87396537746784,2.2967052316773326,28.922071807311834,1
6.939998967670617,198.87208272746628,1.6986911971119159,23.488325914669545,1
7.245691059464816,459.4474375675787,2.2338799214694784,23.035550062850824,1
9.516417904550654,1038.8296296026253,8.374335739032237,38.25015236013672,0
7.068842113394833,289.74892038354017,0.5948144247165208,21.253706987778543,1
9.20533171770741,719.8269329980595,11.63019779952678,49.92887284023169,0
7.9850348762123184,164.163092924002,1.4031653025885356,27.73553787278508,1
9.062611887872816,615.3141588557215,10.16137068522821,41.26365086243527,0
7.144617606406491,295.0877458469606,1.0760240000449415,16.93347201957356,1
7.536248010601821,131.50641274705998,1.4971490140149954,22.263138757898997,1
7.278009993611251,245.63369386886365,1.1518779975496314,22.380111541088294,1
6.9299286900102475,166.09922543818374,1.4768823153963075,17.287281250662893,1
7.019973811408303,234.87803116000367,1.8650145793416704,24.494103195303435,1
6.896346935378521,288.4720339485847,1.8076168833205934,19.10732624468243,1
9.951945700318001,1189.460845777935,7.984008280021626,39.92718068375653,0
7.208354595318385,241.44813616239804,1.1469041216919815,17.105020613374922,1
7.611984327032465,267.0211377237271,1.9930353468978552,15.885634814962856,1
9.196338477264543,738.6011908233196,5.563528608397798,36.14782121251249,0
4.969390974028675,743.1720890622065,7.524076921870696,2.1926653878989453,0
8.727700136547188,588.3698015058626,7.592613079228956,35.1,0
6.5549136515241395,255.61623200671994,2.8159121845947057,15.880903679562655,1
6.654730398162876,152.69721689584844,1.5637874070773639,19.535889825128177,1
4.96571500187173,888.456327666062,6.321037457524513,3.585622641413079,0
7.267461868786691,194.98814223025428,2.173751814367309,17.539013854492744,1
9.054651957368861,846.1067334422678,8.006355263052418,40.677598256156884,0
7.4726002789490495,216.96746824593401,2.600678747189229,23.501438784577893,1
7.3833546814205935,216.66580069004738,1.5572910341706772,21.2240208297335,1
7.417024017434386,162.3100278545697,0.9140369064694723,26.59236346558973,1
7.448628755942421,339.85096552966684,1.7880960034149973,25.671088602206,1
7.186708003742216,308.06818645592045,1.3068339838127032,19.80349407604169,1
7.006306370853499,211.8471535838621,0.0,20.098431031141832,1
8.938549421961584,877.5715086831192,8.835157085962647,39.66746236324941,0
7.659454939771487,121.23727596144255,1.9670716032004694,33.205491958539916,1
7.572876625704154,190.1490851718186,0.685942709202961,27.539484375176176,1
7.678018651569937,178.98723837470658,0.07735236499113074,22.186549466263862,1
9.486626849413538,1037.6949933007047,10.55281078332734,35.1,0
6.659570253516792,181.83151937752592,1.079762938695459,26.740027934332062,1
5.255061634863624,719.3370465356585,8.048619798452155,5.965330052082614,0
9.293234370595336,692.5187242192372,9.976460734068393,39.56931766575584,0
7.3917766072344255,255.8379224104078,1.3799530797282324,18.630817132919724,1
6.969243252190741,187.17119351641355,0.7837227436370909,20.79368076883558,1
7.081357016372081,229.33971263138056,1.0143369074687243,24.43593778596974,1
9.56059107595034,1020.6166556586735,8.646988362458194,46.52074797425791,0
8.95608122614319,1160.2090393078668,6.412926048083667,39.86444725633684,0
7.206231619032587,50.0,1.8330263942820724,26.471735290908608,1
7.801597195433075,247.23376490011708,1.3495316133447341,20.469664629110266,1
5.170180896953428,773.3368386963788,10.98323084365289,2.428868812577779,0
7.084536544431945,50.0,0.4185448544926198,24.990184503145837,1
6.830213604748178,190.4304300504983,1.075741317446239,19.533079560174393,1
6.783182235102759,367.8577179637398,0.6847356560413237,20.23529323682496,1
7.503662064121059,66.16848789507407,2.325206155925857,18.558246127732666,1
7.089979321139342,192.68803539927083,1.5263024015351059,23.649423876343793,1
7.609483818442793,151.69128550104364,1.9467308991940013,28.19927442531336,1
4.292861640137324,865.7126230375031,10.798516677086711,4.944104457443415,0
5.683550200912445,741.7957053829412,5.598826687109931,5.083836080477251,0
6.661149484188122,127.94628939900159,2.4720651640717373,20.11897713493457,1
4.44060474861674,603.3100473044058,4.353370363846829,7.668964701487008,0
9.782869252226975,501.0,6.944378611140452,39.02589844772962,0
5.138558114166998,683.9289994294538,12.903816535283605,1.53735084224737,0
7.869028954735081,133.11502783199802,1.4418374705797719,24.74356182575168,1
4.716625107266688,611.2589137139848,7.763522361579636,5.804782338056411,0
7.332352092885783,286.0274721565518,1.7353945224732938,19.767466961370197,1
9.038973476411286,678.6672118498866,4.967009119771978,37.418534764977196,0
8.95917445186797,501.0,4.647241872130028,44.873464968537995,0
4.888323898307399,724.4020508029564,7.875626113010643,8.510622141266609,0
7.582120223295101,50.0,0.8093386805931228,25.627482138441138,1
10.064478367591473,926.4303259381545,12.9635398425951,38.97215172348284,0
6.722545267297408,242.4820875915368,1.7521582259542001,21.18117106591085,1
9.83688441716813,904.7369482758329,8.620449085374212,39.0391683500831,0
7.857069181302386,216.13223241034038,0.1134144703541562,14.500537377993156,1
7.389436972254073,319.5950581962589,1.5243652783498824,23.095644347388717,1
7.826209611693736,105.65047026939062,1.4529057745605258,24.753038843089655,1
7.054864575824136,214.60008244793707,1.8899963328824372,20.163118408043037,1
10.055572607602231,642.4483484759121,7.745987307501007,43.98135781793043,0
6.5,275.6169227689187,1.9316647835297829,19.89407058082031,1
7.082020128683189,203.63931810646017,1.5098034771599664,14.346638661108788,1
6.93974297235127,159.85726457507744,2.245763390581722,29.3921607670834,1
9.538687141380416,506.7923597102256,8.90946148512882,43.72971833990033,0
7.189391496300376,256.91284635723963,1.7288961592890684,23.301006703417375,1
5.235213119445305,609.964907586041,4.1,5.7399584277614935,0
7.622422723626421,195.87816571802833,1.5639203100279446,23.39846132411354,1
7.496838148803723,151.40221699037542,1.3257184413035275,20.65942744488723,1
7.752863596415011,168.5557794350879,1.0047134002941256,21.454311398889537,1
6.882850867095063,364.23776196013307,0.7969966055540229,19.070801801051648,1
9.243753304559549,979.9658992265914,5.053722779599353,36.987290189975354,0
5.626643389670971,797.6779771089913,10.614061027193053,6.5462637276064495,0
8.6,1305.402083665721,9.862992697618207,40.654445987348495,0
9.402707668480167,999.7453140166197,10.38180536273153,39.68942018100072,0
4.240003437184244,863.8241683737083,9.056034773272593,2.8482828763242667,0
9.423635027509922,871.7472287993232,8.050718586770337,37.11661152346323,0
4.7066258651391735,866.2445519719753,6.394262888178814,4.059909629690263,0
7.359654445740828,50.0,1.6993282153698979,20.675902663167676,1
9.080688163200234,1039.4846399609814,8.140160360794917,40.33911103034631,0
7.0119831408961995,228.83147160144642,1.1453556163484566,24.0263506867891,1
7.174324729156601,206.55910510597755,1.4132753457353593,19.553227513192805,1
7.006775579326624,260.51906834528785,1.9039505286845977,19.14723078253547,1
5.234525780258375,801.0170792256469,6.571969999937446,0.9770173490763598,0
4.1129880836760035,686.6658814077119,7.840298997309704,3.9329093252318925,0
7.764372951898508,263.8395639689789,1.3453477925422712,23.123564506404687,1
7.603926835737054,182.62951400430381,0.05003597446329011,26.222776995532598,1
7.225789765924048,138.99846086827213,1.8322434398967544,22.729120894151478,1
9.823022671714366,1091.420365245481,10.163485466252466,35.1,0
7.308182730311936,297.6657039050438,2.5858716864994102,12.435685738864162,1
7.361492036134644,181.49592456562405,1.872948246525837,18.670093513106444,1
6.646880107614265,171.4661492656103,1.2493443876744768,28.660569530175124,1
9.057032537267444,1024.390098383045,10.50790977281683,38.018879386130905,0
7.756986120025732,269.65973156707224,0.6557843400143168,23.28023276597298,1
7.212801659626307,211.66691761723072,1.8074050935902923,29.24622309277565,1
4.2467728637858055,905.7078403662803,9.956503655347058,3.679337474399767,0
7.107839714317693,308.08126019896,2.6410909754120873,25.403930714027062,1
6.4,869.8585544708415,8.146150038181421,1.95711581586903,0
7.188994037979746,116.78450241472817,1.9269160330332933,16.42472940850318,1
7.311597664889521,161.45872231252199,2.588638973903139,11.038294311860275,1
7.079181800204054,172.65425438030917,1.5717790078722658,20.85311322071975,1
7.11511641203954,241.5034413961377,0.23069456958798917,18.212068937530606,1
6.666389802032718,221.0840649563828,1.5234104275812057,20.93668653741203,1
7.864503685819148,54.3131144564403,2.056446179712891,22.276340770897086,1
4.93822263072126,648.6439265958265,8.512116448263521,3.243727363829186,0
5.759760307422296,501.0,6.963039030182992,4.78283167643922,0
7.22197364439994,276.19695764289355,1.9522907732169201,27.479472893447642,1
7.777505841629304,245.6405766683613,1.0320815624027757,18.15688176702044,1
9.085798389125875,677.3272798753528,8.376172915420215,43.45435595322043,0
7.363301102285789,50.0,1.6031086002723587,27.07845305039937,1
6.924739861928911,242.12293469378457,2.3174193478694454,17.611424520918145,1
5.782402380798727,813.4940050514446,4.1,4.861561184116964,0
7.492996841111921,359.3096334733524,1.4308953738810288,11.90617054995012,1
7.0499214478704255,210.98819835256288,1.6274687720711034,20.388666286100783,1
7.659506280148841,123.92714162502143,1.0020877411353646,25.54230832678018,1
6.906330480488602,186.5292062021718,0.4519373238610789,20.602300197457172,1
7.425563648020944,180.28932779883615,1.4203312231103693,22.466647004678013,1
5.754554642782235,984.6066874471459,8.438705837067083,6.631707020157032,0
5.828732967545627,925.5404789103843,13.94981796776228,5.885506642618209,0
6.544206334989827,299.56521282842044,1.8335011167019872,19.43555338338892,1
9.879721086911292,852.1412323942551,4.736199624112776,51.22900660185966,0
4.0750981062791745,769.5000643380162,4.634513598762247,7.820624613181291,0
7.273853543412922,151.77434753728306,1.9783271580612642,20.43537451098863,1
4.960978988399506,850.086056600209,15.361816018776171,2.1422676991006755,0
6.718719657844343,236.58594248694124,2.3284843718071233,14.655978866572674,1
7.260120704584751,384.63330004928883,1.4432530261952081,17.736789154604967,1
6.805128189139527,177.63940293627732,1.6639814851197359,28.821449426052336,1
7.067476646726671,213.23229282397634,2.826604028476279,24.367204764580062,1
9.412644481035013,501.0,5.0570872444217745,46.270998243064085,0
10.073901395879876,1154.1283744925347,10.449810711073138,42.74265507820753,0
7.012329739158118,89.12096460808016,2.06648528876939,24.807292162173376,1
9.950882343970141,814.1729994110273,9.33512809968256,41.545395984381024,0
9.388030287843362,767.1572431917011,9.14639382767241,42.263110650086304,0
7.136588170789212,367.83514713059446,2.0349492423371984,24.583190566414846,1
9.82102254594678,501.0,9.558309869575213,35.1,0
6.9959934404581015,291.7152696320582,2.429716237770133,20.194218438700265,1
6.4,940.0994126316327,7.735535393388828,3.6400666101359493,0
7.474203095516081,181.20605827832202,1.3930015057300422,17.584965749590733,1
6.7633196495442744,158.57940422222242,1.3879478593741867,22.534261662143912,1
5.011505596995413,833.3587329061985,4.907524619841654,4.010176253400301,0
5.235661440432256,1051.1874080031394,4.1,-0.051663371609216746,0
6.4,501.0,8.702582454494616,9.9,0
9.718976131489878,666.5680899867347,8.038703886704917,45.35436097250966,0
10.258144225278008,755.4869858457173,7.903943586538787,37.19791539795386,0
7.2975812791634,167.40319141667186,1.1744468376592958,27.384413695449922,1
6.6982842307323,176.06545820580524,1.5208573155849971,19.912933370803714,1
9.7673519748181,731.8791844512466,9.843641712952603,35.584572818117785,0
7.455492088811674,276.6233291578325,1.1655121045073462,24.796849754687948,1
6.892001573521017,191.4422824113216,1.9405524434002244,19.37586096703738,1
6.9718594534345275,297.9084734834075,1.7076008736860158,28.176370654096182,1
6.765939789376881,161.31062883556507,0.5393131837070853,29.451476485600708,1
4.769073471456616,610.6399811637336,5.583794989803257,4.441788287280107,0
6.88887332496365,205.82992784124124,2.0438556920520616,27.93856744750603,1
7.566156110224065,416.24220515240665,1.841052736241299,26.29346632977989,1
4.474631680178827,1011.4086838330732,8.021459768292463,5.880496060420796,0
6.9840961278762554,104.02419773077534,0.7686145802678502,20.149868134746484,1
6.586354331705751,359.32426417637873,0.23737466113525274,24.234781131687278,1
5.858672141490836,574.207346973367,13.312872660043235,6.152385500656844,0
7.805379897296852,166.60556944084541,2.748033920045601,17.48663371893687,1
7.7813537908470805,293.73743317729276,1.0817647993829176,15.863501226204594,1
5.503646692852668,972.0170135485641,11.316779435868453,6.643231504474326,0
5.917177501990322,1011.0109097885103,4.1,7.737246845397021,0
7.2437579178419575,121.13569530657387,2.262675608153648,26.061569314700893,1
7.123055614087551,231.1182983481747,1.355110787631142,22.057148847535956,1
7.246269853717144,216.62420058826507,2.533115405352776,23.53683688659785,1
6.1862662931087256,616.6722613272906,9.753466365942385,4.6492406313580386,0
7.63201922628586,300.92154020284124,2.091119110450166,20.857833498771104,1
9.185056881213642,851.8957646172953,11.422888797096224,35.577924865224546,0
10.720461982728267,748.1831881838739,5.4416964122902085,46.6059451891228,0
6.5,74.30781191056936,1.871240031169406,20.67504276448642,1
9.537203335963074,847.32938253457,10.98735053047247,37.31477657404119,0
6.622458073546584,206.7573429111958,1.1297585346267414,24.15980360302041,1
7.621456718643136,164.14203069598804,1.7560319902650408,23.34633218183614,1
6.648952999698305,362.8698828145434,1.556894017313748,22.894095050166147,1
5.192860863042636,929.0593916862085,9.635422638531622,3.3993187359281007,0
4.23771116753096,1198.6767001164828,11.4254927832087,1.4902582969154974,0
9.90927435822,748.7288714293708,7.291897429531877,45.512515095316786,0
6.998810091779463,260.45326709954514,1.631651349894241,16.45855792622202,1
9.9134730304714,862.6246834385984,17.214010104818005,47.24971799762507,0
6.682127409711638,215.14626458338992,1.230928836384955,20.894658819823132,1
6.4,770.0829369365248,7.302202284693542,2.795816088814882,0
4.85231120445036,916.6809831596381,9.608870187696406,7.301669299368726,0
7.82166416828591,149.74850086646575,2.534684858269639,17.09786111114039,1
9.505868184860969,771.3153567082142,6.980536495075109,43.325535472561214,0
6.574981657245383,316.16941593460484,2.3235732776514357,20.081900021472865,1
7.175123593200276,198.39209985842785,0.8659419506401967,19.63911213477746,1
6.4,939.3861269925516,11.572185946939536,5.593167674301606,0
9.55364293304829,566.6164397257114,4.1,39.97923047146339,0
7.280463862349136,123.99492020270982,1.8801225955027565,20.96161311276292,1
6.977809152335898,239.49238781145206,0.9715936623996554,21.37489465317983,1
4.816972524864495,904.0352843200543,6.136595603611278,4.226031801684619,0
7.459483955035857,280.1305460166848,1.1228467867963023,18.886765787973985,1
8.714881672959077,666.9719401431175,8.871999479339149,49.82551702787122,0
7.141177047399145,92.62978012119079,1.5588660717751375,21.250678760714795,1
7.13638191583998,152.69775925042353,1.9144797301994427,22.418056144303286,1
5.416409997302623,546.2497984797433,8.723236929217439,4.781367485527919,0
6.653248520633832,124.76808668125175,0.8696860770353813,25.124701345150395,1
7.279164313385059,153.6700712291403,1.7833763861657876,22.166167362255578,1
7.392826690934155,134.81951977411615,1.3121418406038334,25.55942780714198,1
6.8614573380036505,156.85559884293838,0.902620368172622,22.423081534096493,1
6.5,169.24344968183266,0.99355936430614,26.83001277980768,1
3.593770060846342,501.0,6.955677964396108,7.439065871896517,0
3.962268562907423,828.9530982235281,4.1,3.308132719794063,0
8.6,803.4367700771056,7.390530900998656,40.66530156430187,0
7.586158993836468,105.68612069613397,2.163258336002897,19.209832230099543,1
8.937739160193052,750.2553151834935,11.699117400352836,45.189659800276445,0
9.882093808067783,658.016173409587,9.132855219260279,48.76854919988256,0
7.0385406147032015,50.0,1.2075518912404668,17.539131088116324,1
7.4771674492126445,287.9186685953572,0.5566035387834177,17.09643094624022,1
7.677003004991191,134.5115978671937,1.3631956074340654,27.46485914082315,1
6.757482595035347,364.3054952069276,1.2900857678523714,26.263854878927305,1
9.47404082061197,520.7541739527619,4.1,42.1034629142713,0
5.227142310083777,599.0590278586408,5.1888269706016,5.271683496216225,0
7.220355080742407,242.91311199130746,0.9860866937152901,27.882647962609155,1
4.392653163065996,642.3381470450073,6.164513549780292,8.445255321409098,0
9.87110498121325,630.1438076179817,13.095376107126695,35.1,0
10.263990786819756,798.7198494793724,5.095749232538516,40.87008398323876,0
4.603035299406794,808.6250861906099,5.51557958716131,8.211380215641686,0
6.5,58.475975700848096,2.935872860288624,25.492264265328398,1
4.995967303821177,834.4117844732518,9.464040459128029,5.311503815662561,0
7.027351874912781,220.1053318590482,0.8869296227475947,25.219423752720317,1
8.715450487653388,654.8765086873425,11.086632325036833,52.66822802340948,0
5.651747549835255,1278.6024589533572,12.294907960813909,7.799806882339117,0
6.867822237377374,305.81955735081084,2.1176779628529863,14.914309794224625,1
7.335398562997765,369.98171224135695,1.2984657461924558,27.86576956475432,1
7.678652594658261,225.85483859665646,2.163700065330435,24.09599582233731,1
9.640967151602581,501.0,10.887840724134897,36.26168686026126,0
5.614555302484678,857.9660083741423,10.896720676379552,7.611291123680094,0
10.174773156916872,504.4455784493366,8.644594128391596,46.713818625761554,0
4.751496608130496,899.1033048289792,8.734324523335095,7.4372163486689935,0
7.031606207671895,96.06269092433406,2.4814065281433852,20.656885529038313,1
6.984350918740409,154.76856237716788,1.9683596471872669,21.146269211648303,1
7.104420781253436,336.9632227214314,0.9668884944746461,25.91703897714785,1
7.060296918272629,144.14402603111603,2.3704283898421745,16.769429675626238,1
7.718797818624444,257.47339387773127,2.125231843045076,24.71054840769955,1
8.030104349050106,121.20054993463879,2.110971958224834,16.736810367127436,1
7.3986796892946085,50.0,2.442154505486821,29.403124569742936,1
6.803443060217477,195.16770166424735,1.9805974227272232,22.1368187381523,1
8.087512093379253,101.78560284351542,2.494129457147364,29.500901553933552,1
7.186115292117903,184.45846944171845,2.0756453296270276,28.451912682372217,1
6.5,142.82554584076547,0.3025776518944401,18.743386973609585,1
9.09845770964047,601.827849196657,7.659209217095755,43.41188875599757,0
5.285181683735594,1178.168084007833,7.029938991683854,5.1403717048454896,0
6.66221979558629,183.7980618348136,1.8096218077151396,17.924779209637144,1
7.50077321307471,332.4325690470636,1.259131380216367,27.509340118113368,1
9.161830142118227,599.2424369072727,5.587586935517934,38.768212314253184,0
9.453700302365803,813.1862217157801,7.632034699077141,35.1,0
6.538057331253692,221.34547170363214,1.2244718925768932,16.37312226976177,1
10.1587704095087,1106.595649506217,4.458504539007084,51.10290134132483,0
9.521512242507564,510.5207815882119,10.344286758396585,41.19276433415067,0
9.44306169613213,501.0,6.029688924944851,36.01472497586795,0
6.5,162.2989007437984,2.1736416184865988,22.76580286382941,1
6.992955480385532,276.00126629357163,1.8857119421584096,29.584493105017387,1
7.106338650110666,244.52424996270065,1.3500947825021679,21.37831026988896,1
5.888399892517907,631.0525182417648,7.532221707551276,4.86106789677485,0
5.718981419210915,1228.6889637087297,10.470638359525921,8.419411801214661,0
6.729762157750059,195.617731172894,3.114162610177418,18.472726004058323,1
6.924108890374331,281.72983872584314,0.8202565796245869,22.721872567324827,1
4.06481527183,887.3535502220994,9.307838971698011,3.8579068442513167,0
7.1637866870783355,196.96855346265352,1.967283656258997,15.92633720468527,1
7.837802025289989,158.81738600682064,2.456472588298107,15.07002162013069,1
4.928531307623163,783.7440903972829,10.571966575718532,4.677745026627997,0
7.531762232473396,98.39511290303744,1.6111292356562799,23.62014154342285,1
5.092191893577614,636.9377770423785,10.535840913820545,5.538470265772516,0
4.384234320609716,886.0178312343504,7.073714626419851,5.7079638653420135,0
9.674913956340044,546.4844590933844,10.197429587714298,42.37425906107809,0
7.675606612443021,111.42745465580387,0.29196021263119865,19.432714384222635,1
6.949313110164014,222.9419289906069,1.4489996178112614,20.375883382349137,1
7.003538501143158,224.64079217738728,2.5036829870618913,27.211713687783245,1
7.753709127404208,176.20991366055148,2.828521104861094,28.077345404362575,1
6.927579337010048,111.81842076353156,1.463920453974644,24.805559575237996,1
7.636392170074387,182.62729542905146,1.0885834214760712,24.512314787600996,1
9.632644172391904,958.985203534789,9.479259206143812,37.99105446024475,0
4.063693121516528,866.0299898783877,8.81363442583992,5.619459006174018,0
6.753390224020537,160.8891104765047,2.6385015142262014,16.841295608155775,1
9.197743069720103,674.4490026485021,6.18537680297245,39.85923873456043,0
10.108082888391127,570.6899672585084,13.36831613323212,35.1,0
7.682397806618726,210.92779164710018,1.6663498594099715,27.096254334064596,1
6.894696337382993,153.45743732863568,2.283781444987367,18.310594683752328,1
7.7948984621343715,311.95891415778743,2.012505858238315,24.43803958484976,1
6.5,206.05559520040748,1.1864856485476292,17.503199612212086,1
7.04617778230807,135.00781208500638,1.9871524706585948,26.074149710601578,1
7.167760100281296,50.0,0.8931807905815734,16.311766011328274,1
9.137540328554199,661.7330277674447,13.08252727457317,35.43695866423655,0
4.736161394363328,626.233702422058,4.8785980763313015,4.232494038173981,0
7.423916179172416,237.14958908372594,1.9791153343454995,15.809720823454755,1
8.957429228418833,501.0,7.098671573517345,43.92375266883401,0
7.099666793417981,270.09353337529865,2.3259919707828507,22.774647058067195,1
7.567381777576966,171.70513923463952,2.6883366457965385,22.74803088589888,1
7.317228989319473,116.91649433248222,2.007214245106186,20.81977524077743,1
4.6739285242722435,1180.3826297325002,8.331406267658407,7.736378047497156,0
7.014153081080643,136.30905574508037,1.1500892987124038,15.447017363621866,1
7.030305466640783,50.0,1.649918258792225,17.02851365574746,1
9.784384847669724,1171.760527116103,8.85451908606635,43.13973631031305,0
3.8363508758042206,754.6613460202561,4.880095545148846,6.326766097694771,0
6.848074258599178,184.76430512566264,0.18369511915584313,21.229574244956776,1
7.051995588047149,199.21241530796937,1.1155887407653564,23.075219737756925,1
7.059394606383477,272.32140438090516,2.4022043976444114,20.47722150481963,1
6.5,305.6331207827067,1.0947337698557538,22.3840370719882,1
6.9668965369553675,183.60986689082262,1.5632168594445044,20.691706276544853,1
6.9734809081588915,305.46418598821356,2.5486683434414488,18.742388716027236,1
4.443352311499067,859.226717977121,9.273755288141436,3.4794752005930416,0
3.055902099418115,501.0,7.428542906584682,6.214510035509843,0
9.555167716579687,629.7770426331226,11.315941704479863,36.476875129530036,0
7.242301516508593,148.9131339883976,0.8605789942574441,16.49940243183879,1
7.5143200634603335,309.00502821699615,0.5791910850651081,20.21681874469273,1
7.620779047089168,183.30653030236275,2.5176881659853194,22.877235652528217,1
7.021394019173192,167.2250725896402,2.258099956961808,18.241739330984167,1
7.4804690969243595,200.33838871953213,2.4471484121164853,16.815805228704285,1
7.126039145422805,182.18234393787145,0.9233141912511922,16.04286294223913,1
10.653844113867725,710.7091043489904,8.02482348302696,44.36048345527548,0
6.890484320358571,137.6117643022689,0.9331926149629013,10.792353722048434,1
9.345378046183635,537.4319453814549,9.96951824952568,49.676668583192566,0
6.975927583921212,124.9659538770881,0.491312855832557,25.38735978187666,1
4.236104734732739,827.2622591127335,8.10430774428337,3.5506515766353903,0
9.643841021837861,772.5670178251767,7.196481702295067,37.37847915759332,0
7.508679484259338,259.9920191538968,2.5752428271966696,22.559285434072844,1
7.036759664335912,255.205894106929,1.512776722599279,21.983429660223383,1
9.351052327628235,741.7335987750107,4.1,46.76295253976022,0
7.338601552692286,284.3188616946301,0.04348163222631518,20.58981502905352,1
7.568720600790901,131.4921185375037,0.2786677286762891,18.72113990853044,1
7.388962511152151,266.1788886125938,1.1873498672297755,21.81401367549377,1
6.794097307722853,255.89510508136348,1.0497716605810787,24.062642520333576,1
6.794867551866231,78.45231396185261,3.0249935217941633,15.19749100139449,1
5.756397843727516,501.0,10.847498210714482,6.378765085951251,0
8.743360265421114,690.8689211274831,9.398964947549876,35.1,0
6.605775850785212,56.55148379723386,1.6249704188043346,22.82194571024008,1
4.730378900254899,611.2029969304224,6.348535219197111,6.138059074519518,0
9.156322782820853,944.7994064803808,6.843797070509125,39.83511867378892,0
7.379083424006926,214.9132935795237,1.5680090509603735,23.703643868405646,1
7.635580238786947,120.97013272794007,1.270535478086434,22.72348444592973,1
5.739485894420804,676.9372235852585,6.408258933058372,2.70358541605658,0
7.543835154791921,259.6120691427854,2.030023774771416,21.906424159024215,1
7.548449881372677,50.0,1.3646870414864212,24.28489684094496,1
5.247422708101356,849.2695905896998,10.00568784901138,5.374203074444545,0
6.6616081279013,242.1518338932635,1.387908902281444,21.64571573092484,1
7.553463974994669,166.79197688293044,1.1114235404501551,22.48079423498422,1
4.366397140723804,789.6573777383908,9.602188868950854,6.826561236080568,0
9.170470154742729,857.203161526925,9.20129598156884,47.66202770354634,0
7.167139528642973,153.54813579568392,0.8013337605616754,23.016510748285743,1
9.172717529202135,975.8527810333121,11.398526635138685,37.40420670762999,0
6.9876116408752145,177.5099612089531,1.0541823277427298,21.544013788641493,1
9.100128555944734,934.2519332154709,5.332243512587246,43.23542827843703,0
9.911171149343776,1109.0452891769637,9.87079858115604,35.1,0
9.878363501426714,523.6074430025991,5.368598184657726,44.774336201072444,0
6.865861178696097,225.95668834820137,0.7198273794943568,26.749708606728,1
7.817297411308876,261.1088281306738,1.2176341778219222,18.21374192588874,1
3.832170662465601,1007.277181717405,9.908541466052109,6.082101968123326,0
6.932763818542781,166.11211346174582,1.0372824617607541,29.629962690213073,1
9.979626688224519,796.6397368044519,4.762514549286523,35.1,0
6.810127331909071,151.47972894274082,1.6003985968002452,19.834107973971324,1
9.765542565487975,954.9546780148714,8.644953608998255,46.202838488958356,0
7.337090138551082,192.56446347091293,1.5661692973119279,23.56752504898234,1
6.398508458019427,770.5656704303127,7.7084986808824905,8.050606584149183,0
4.874796935832632,910.2873076351091,4.375422624925883,4.4782583975082195,0
7.691592200995625,169.0766707281792,0.5437201433464206,23.809097510594317,1
6.015046125053566,593.4714603755884,9.609463181363989,6.937489242334503,0
9.703042554937214,822.5370400320747,7.612760035859443,40.27148047186462,0
6.95656411070412,368.423794356665,1.4023205699504675,22.150267434829008,1
7.921739243914697,173.5380083181558,0.0,25.627336585491705,1
7.202045382656984,189.63862025092473,1.6631300660706387,22.42891715367661,1
7.2013502026388645,283.909131350029,3.0038078046508714,13.944700974875689,1
3.8845617998364657,678.3521703870922,5.732074126054965,3.9107532213234055,0
7.612986104220459,284.64946600697203,1.7113113665047082,16.740485342382353,1
2.9373657198875756,964.1934278625992,11.257755234520157,1.9270805929077564,0
9.794415975770974,1046.5456684136568,8.087523280304287,45.620471012530466,0
6.939457242483268,139.09157841528474,2.5519140284139117,22.789253649161065,1
7.674954420625901,70.66293000415885,0.8019401987928567,20.548577490505572,1
9.151853210473803,936.332130279488,11.926968229187336,38.48968218822344,0
10.656022028179766,710.6546268554342,4.1,48.993123052797074,0
4.528192607466291,982.6782181604365,11.8157549102671,8.390726988359871,0
6.79986747015777,240.81259751321468,2.2221576422026224,27.511897335701654,1
5.8584944214395005,837.41378759532,4.1,4.343859259270647,0
9.398673368588925,768.848938283358,9.30704933577351,49.848428404888786,0
7.856806064054548,279.2132991167431,1.2301547313613492,22.308314445525973,1
7.345452753049988,109.29357145549167,2.4991300561163383,24.482003596396652,1
6.838519255707949,317.6827752653683,1.349420339880657,21.281478509097937,1
6.4,541.013622931948,4.707069909264167,5.95699946359178,0
7.009511650582136,256.74820115642535,1.5553334615051955,18.64156651183731,1
9.274312384459328,637.1590645229248,4.1,35.1,0
5.088978667872686,1027.7821222960094,6.228677689390175,4.44773582703767,0
10.552928172181664,623.2020202155998,13.908970054853286,35.1,0
4.958629767551783,501.0,11.368908114757208,1.1794916374378985,0
7.262076273543592,185.0656830149244,1.5587107512326535,30.684771444249982,1
5.839035551736993,695.9581973091838,4.7288234035776835,5.4402903807025496,0
8.6,816.4059858776232,5.274043154253625,35.1,0
7.738168018461991,203.75479216482958,1.4725865191900684,25.5675105382811,1
6.5,127.63085000049871,1.389513743111818,24.444283620442285,1
5.535907592172593,575.5698877027171,8.064816642775053,5.883250135628434,0
10.585226089472279,807.6169011438985,9.698812124176065,37.27559749437992,0
6.916637293235815,88.36411961959425,0.9428207383046512,23.16035159854173,1
9.849199560664701,886.6092757207894,12.751152636918619,53.80441085906483,0
9.797661643946332,892.8975211154468,6.710971618776215,46.44419409769996,0
6.896601866119973,201.85567828459,0.4792508203268748,21.3573868545357,1
7.289295565651664,240.24722948989975,1.2336808670835542,22.533997676245487,1
7.705482671061867,332.26477097428244,1.7149274660762752,22.81392801380915,1
7.874856654029026,126.03487084975201,1.7815876540409086,20.079142263470402,1
7.237137960456446,188.66811311918985,1.2233015163886736,24.36628407381239,1
7.51997676077682,223.27578914715883,1.5823951929226707,18.06234781529915,1
7.343381447283848,193.0639091081433,0.9257700772072729,16.74100455875831,1
5.1017391353554284,1086.5976553419157,9.510909908533584,5.814836069303951,0
6.705219715648767,143.38992841423791,1.5445543430475623,21.00818317068844,1
7.490038314739199,182.31660291703596,1.6544415630150142,28.66100893577878,1
6.84607891438924,217.86166687362086,1.1461571711888423,29.059303535166944,1
6.945776863438239,315.35539215620804,1.7315486645767653,16.995088338489296,1
7.142255835230423,377.00248315177936,1.7093600138147742,22.540704965370676,1
7.285278651295076,187.99064389969547,1.5517044040876162,25.41206075297399,1
7.418905918951187,258.2814914811629,1.9092360667407187,22.376279364766095,1
4.867660758254485,576.5716477590775,10.902288257462175,6.0157596901372425,0
9.560751504909467,934.8288010239978,9.772064134532572,46.531405600880106,0
6.623979646962282,192.4140614975302,0.0,21.399408671930246,1
4.871276049378721,523.3964382511052,4.395393815782139,1.3366975425727472,0
6.5,92.03390307587742,0.9489781510091025,16.29340315675861,1
4.9226768723054874,849.4666603365048,6.621573704142068,3.7434030159644935,0
6.708180162219033,287.7237694584203,1.9257870164409325,20.371936432772916,1
7.261490042378211,50.0,1.1664123389965328,27.656441562427126,1
7.017784189590452,136.31486898234928,1.6237334722751846,30.70917379019626,1
7.04516011901024,217.4241871798981,1.3296127882024644,24.702657813027905,1
9.18477740460341,956.2017909214303,12.265679266113029,46.40107069812088,0
7.186004603801216,121.97071781774001,2.994910711054156,25.732266422883942,1
8.785336764512968,1188.8035300000884,6.262441576559209,43.81092161052347,0
9.439749470888337,842.4760172046979,7.392670477449993,45.92183567885273,0
4.432776878148022,735.4902579546757,7.237536407376839,9.456308866699299,0
7.633220497270111,217.78318846406833,3.10433788677308,20.03755106389339,1
4.375676315257098,641.8752017454095,4.622147311593817,5.7625382939359575,0
7.07872808686629,237.8725932569973,1.5012564110146749,19.847051479700845,1
7.103401021651688,171.52207324913337,2.2995451750198903,21.719880892767822,1
7.959952773958086,161.27052043321459,1.466540524730647,18.42466711744364,1
5.280873033341388,628.5655252216588,5.10602723331483,6.5878916072643445,0
7.768201699195942,170.75952504117873,1.5156374675230255,19.72259430567545,1
10.058489713820064,862.6476498001423,8.986300554323174,46.38681104603238,0
9.16038903139095,950.8375922064806,8.749176461160792,37.57014958762936,0
6.755416817225187,221.84085739955086,1.400803894808723,27.300018619782556,1
7.569610807682761,274.65024578728554,0.7091050999470082,26.81431221813384,1
9.847583008809128,889.0793544228571,6.7071685985443175,43.15703175638708,0
7.1378963804701,106.37754348825801,2.060827234791728,18.214744709008816,1
6.138611936852529,855.4842222474687,7.9333993296940255,4.294598409992786,0
6.817950968260259,241.85785485896264,0.7316723124069914,18.827461345544254,1
4.75348189643749,997.5668842615987,4.1,3.5875532918638466,0
4.686960088081298,501.0,9.651720781104794,6.345440975720281,0
8.197199806973117,165.5752544036286,1.0507909994435094,16.432066852811694,1
9.600197392438176,652.8292848175279,10.862493542572771,41.09445218797745,0
7.567661669444001,211.9101443134153,1.8789249058057949,20.454020438708838,1
5.061386287514366,702.4910887186815,6.767194770278415,2.9118281283523184,0
4.329073889983532,733.0453350590345,6.540256260935786,3.951543103790825,0
10.31192187213463,606.3900408900608,7.3058721275298835,48.88631951906617,0
4.775030030169369,926.4046447234043,9.372829225821118,6.202105870148207,0
6.4,611.0494295982221,4.1,7.39252197661375,0
7.134773214422495,264.6428951521657,2.6570391358612953,25.164560017423533,1
6.982630091546494,224.99025683732575,0.0,22.908115441555783,1
9.586911762622425,951.5509560416367,7.36329709515336,42.43812577584982,0
5.116808487820582,822.2176702609667,7.609958080234607,6.390535000504474,0
9.997207210045119,839.1281056624632,4.872250539398522,43.47227298650986,0
9.261327570778082,621.5070064568685,11.759191180786738,41.394403009386764,0
7.878582547316015,203.15576385925917,1.2966822586405478,17.69958780753298,1
7.483243470675436,292.75048346404174,2.8768418737557777,26.16876230793207,1
6.5,201.60851734952786,2.1314639181117876,18.799298805343582,1
9.665981964283278,910.2253208173912,9.413241212290659,43.72304660297055,0
7.211272462947652,149.59800163728846,2.215144649679326,22.058776382177467,1
6.818424232241342,296.2061204180182,0.8090676747445793,22.158278896534593,1
6.036118835356275,1095.0908262084588,5.297564776965908,2.3616560843357526,0
7.189770275123203,329.91079942489216,1.4413518300776547,22.65569625437372,1
6.752153026684396,155.92145571694005,0.06536786003122352,22.1232285399918,1
6.956871205162227,162.29474230791055,1.9639887651151429,15.139626611269843,1
9.603919191682035,933.0212103042959,9.456781760132007,48.14258803207456,0
10.41478129816062,1035.9076535215477,9.54458353980548,39.095114929626774,0
4.731037010666588,1027.007371420348,6.5515979339451516,6.9502142865776175,0
7.146201286239307,116.22739450477883,1.4163088703615228,20.123477135490152,1
4.538396448218237,1016.7097046655739,7.103048007884477,5.278702415797857,0
8.02299818788468,303.30190712127035,0.7632169656909228,25.53776974952695,1
7.005877665852853,195.79959451690783,1.3367540512555243,24.128089729091144,1
6.855564835930572,192.19796930035014,1.6478465794571198,14.700089012155534,1
5.566233291324014,948.4577015156608,10.13798609638102,7.524555781343345,0
4.6900946039882285,961.9692122238854,8.52310276330491,6.185901618850259,0
7.495524192355002,202.09638022192286,1.6156680350454475,22.104740596743195,1
7.051754267165558,181.03904239898978,1.9808696424690742,16.24156747680469,1
9.23141786880584,1202.1806070826867,9.631419961664353,41.85022676936735,0
5.51927470751,501.0,7.5842971298077675,4.855341997395386,0
7.599324359259184,268.9149220506244,1.009097300445915,19.880929176307838,1
7.581149818881176,302.47516613333823,3.122345752071715,21.513245257250922,1
9.115872339804115,501.0,8.851035349096557,50.987724223429936,0
7.069590587132864,295.56737764109846,2.5301095577989257,27.562574383799827,1
7.438011786334226,69.95647731503513,0.019714480648385324,15.79589527206672,1
7.918351069238209,182.75123371455823,1.6797255590632514,17.707238903731803,1
7.289873890300755,197.2859819257673,1.263529434066018,24.277157293080254,1
7.406014106883464,138.18724437833407,1.220374156669003,26.210189242938995,1
9.633147678220311,853.235573040836,4.915884022721409,36.62505216434797,0
7.129221109002381,88.78224598772299,1.78634545683384,22.23443566948717,1
9.459958500875453,501.0,5.027907471391303,42.80072082457687,0
6.640572970472344,203.61781671999861,1.8070055036447037,22.702296339703288,1
7.445407189092167,327.8830489677073,0.6901410219393701,15.181512167291537,1
4.3255181562697045,793.8813871538489,4.1,4.342893496419405,0
6.7933267485694016,205.4697252774127,1.8573747649158654,19.713056709002664,1
7.517705871848731,152.28708736248961,0.7399766024529154,14.607559550445853,1
6.580552680454502,133.1126663824299,1.9598503464394617,23.8683637759743,1
7.874005711483404,203.443269668031,1.408439584391131,31.783078276454738,1
7.026201509027074,128.57699876064927,0.8952141056467452,25.29029168480192,1
6.289849222322839,1169.0799362500757,10.680626617667329,6.555099531048256,0
7.472820826285048,278.08325754847573,0.7290994571121204,31.76502338106136,1
10.183373368347198,1011.208321291711,4.402152734107603,46.160551086105635,0
5.370978446045692,652.5476647216078,11.356736815121522,6.9093336320587735,0
9.378741775236989,555.1200453557941,5.497417718378651,49.89307695239315,0
7.343114944139313,214.81404294639313,1.113417123521174,28.656768219135596,1
5.129778573519066,846.1083173701459,9.584809816745317,5.745534448552804,0
7.466525000363685,137.9300141466813,0.8950003166416249,23.70462623858474,1
4.813538246359342,501.0,6.575129886435867,2.70986416703492,0
8.74736041191928,624.1967462099097,10.268263642085017,41.15393170917227,0
9.574443301976885,871.6469188028906,4.921795751776527,45.41531290754133,0
7.396767668602602,135.7740444839326,1.4973371064304404,28.057122942881936,1
8.00243715526365,334.1901670244391,1.1498172883893272,20.957566670664168,1
7.772546712732473,241.91684096613878,2.1340023203481557,17.945576630582124,1
7.6955785411757756,164.77926364908797,1.541933679757507,16.33270588820324,1
7.543380446662666,221.84947474349153,1.8120872126604726,24.27950550391809,1
7.52501032895768,78.84237526553864,1.626049726387187,23.825423892530786,1
5.108414402233437,919.9287281450071,8.518675054363078,1.1224001812368445,0
7.356185939971556,173.18047345055786,0.44786719844976375,14.843950437994234,1
7.2309473230590475,239.6959349890653,2.170595759036013,20.269361946413632,1
6.87668068585794,141.73822380747094,1.550576433766541,22.62858313481014,1
9.52334086708098,798.7076811841921,9.628955607173316,40.45073887654751,0
3.156114261922969,848.1161515453184,8.998115883122548,2.923902837150679,0
9.168418812095355,785.0363159298829,9.994289269173088,36.09234623334922,0
6.5773672405361,170.9506671075547,2.060491363281904,19.37265812522228,1
7.193430841570899,77.38395520880553,1.289421830777391,17.562177778215123,1
7.071445663338803,188.08245521861625,1.1886352132806568,21.151022760640277,1
6.939432798554221,161.53329683904167,1.475432473250784,17.705228615210142,1
7.256686765455962,191.89754250387736,1.007258572209119,24.283763975768792,1
3.194619915768465,501.0,10.13313830763591,1.6704219971344743,0
9.584798838197468,862.2078130736156,4.82173577875383,40.554993906993914,0
4.417336585262607,898.4874678308333,6.660804503553453,7.2149984802363125,0
10.208417041069401,739.3478444666588,5.437071048756913,35.1,0
7.0875598828456186,202.2766064946527,1.2914932365301972,27.20440825209637,1
6.648152734084428,270.96638211570297,1.1471099284438355,23.198687909351705,1
10.034321109795043,819.2860759057008,6.28880978120977,40.21849341133969,0
7.514833841496981,236.4723356136562,2.110067070261554,21.59197487949095,1
10.241629442428295,649.4561516193864,7.86620398401433,45.35083631065231,0
7.5113444304666555,123.29772350505802,2.707985654970339,28.165284579205284,1
4.854511947367871,894.6393166450453,8.321559394347249,5.5388469041098025,0
7.197391473908217,207.4526670159794,1.3832296815111247,18.33095343129085,1
6.4,898.8995063560643,10.793035564607314,4.344369379521284,0
6.970519998424568,86.10538904928616,0.36215541086011727,24.41638970542227,1
3.7974759443203183,853.9207388126488,9.802741347246004,3.391974004091507,0
6.020197610337578,544.6763599510678,8.429639249618392,3.2444453871283794,0
7.477242242905258,295.4490356680822,0.9240008689370974,16.93089324650908,1
7.749775237268327,88.85610158312078,2.9695852643517564,21.39441003223436,1
5.94246989484974,1033.439196671819,6.529427281313936,3.36763165624777,0
7.529017964841276,204.7187377271678,0.5012213962530604,21.88259319153722,1
9.171020936167244,963.9947284693571,8.707595197248713,35.1,0
6.571910112043818,237.72339043345647,2.075446254622769,28.349602409662147,1
6.5,206.04610981360304,1.2532823878535808,23.690514468770264,1
6.84500312887916,88.44039449125907,2.8430244337133455,29.602596166888347,1
6.810772423647378,295.6384520660383,1.1113036521662694,17.029996652322453,1
7.119403386420993,283.0884855367053,1.6531027862990415,23.91035527821202,1
7.179038219769012,152.2484172214423,2.118524750195918,17.527072242575876,1
7.036287024754759,64.6183334685337,1.3717283297535026,17.467830610490154,1
7.154105423413241,429.47224445334143,0.8425309215225952,21.738359065618425,1
7.145051284640242,283.7529435590511,1.6054217449912436,19.509544400162724,1
7.64507534999597,125.79573353506176,1.194868971636697,22.38995575609479,1
7.502795446658141,134.08516104224003,0.5973635889532188,13.20999597895188,1
7.0521892284666565,150.96133829834486,1.6053321491417307,17.16678593736267,1
7.045991275314854,50.0,1.4521996545649967,21.276770219651095,1
6.5,220.69289182843104,1.8870336600196371,24.00760093480269,1
5.785608788897273,661.9323753312191,9.06445435453518,4.9016517399458195,0
5.006453407528909,501.0,12.434551806917005,3.967879646939305,0
3.952214420505894,534.3296416974265,5.589407115718723,5.42174471702103,0
7.00446023128549,195.75145586424713,0.4603696861100477,26.522106478149244,1
6.838436943414084,50.0,1.554907472258569,21.501127367054057,1
7.081807872788336,248.30324162223152,1.1600248787974672,20.502439867172342,1
9.584842545428875,810.0942107366923,6.299070826987164,35.1,0
5.144396844862465,700.6073734158997,13.455393135144778,4.451777049238557,0
7.994824444679777,154.07339383301843,0.4014272832377215,18.908665076444144,1
6.594061110125654,346.369616137287,2.3950026175575623,28.441171921931485,1
7.306850660404594,140.87770735814138,1.7995738385868445,19.699254201425934,1
6.5,215.32619169552717,1.5171022881246239,19.83290705595359,1
6.739594366552197,216.1824326096975,1.30930116934839,10.0,1
7.196279871544554,198.23721087965836,1.005305262138896,19.64792592385213,1
7.3311284691372345,197.66268753168117,1.434267501900867,22.473320875592808,1
7.0713459795130476,334.2939738698053,0.9544372723179182,23.094640476850007,1
7.857987085400514,142.6387080697651,0.21922272935434206,13.492666048802938,1
6.593130521331329,128.50031847330285,1.2033165232554617,21.02933415429151,1
9.509059238812936,1695.8168502051512,12.014748892286228,35.1,0
9.469316979950044,702.472185300284,9.858970075289443,42.20835711069678,0
4.939049910967186,851.0656343490089,4.1,2.60110748408928,0
9.291122437539592,588.1318625450347,9.7611272722035,35.1,0
6.804148745371865,161.69931427826492,1.530121681324897,19.483064946450323,1
7.130258296838866,172.3882495089578,2.0187118659355145,21.7726525911722,1
6.828195655923036,212.93588213638023,1.4179795965179371,23.648284548264094,1
7.924979423198772,155.76633301061582,1.0595514953293903,14.904899471189925,1
7.675071755384626,253.2295148026264,2.1315899799604168,18.599209016741376,1
6.579734627573547,192.8612676622841,1.7113726301202352,26.88220241572493,1
7.718348712745206,112.07641987561018,2.078146508121457,20.01052186743895,1
5.296681514168798,1091.7770777264939,9.523798009886047,6.077926145311444,0
4.316863761983425,717.1578438144935,6.761842162415707,3.2070611244995995,0
9.00146983631837,884.1945565062933,7.267048884081053,45.040463119835344,0
7.4456666800173705,167.05413048290742,0.9051953549656127,27.734534435271513,1
4.994195441227471,501.75443372190745,5.985858669065143,4.026356254963405,0
5.561004511554695,975.1312726456473,4.1,3.9631287362449923,0
7.28116920834052,163.84405024704978,0.9219170587333667,24.421618019050985,1
